iteration,objective,trust_gain_c,trust_loss_d,betrayal_pressure,deadlock_pressure,mutual_relief,volatility_gain,volatility_decay,repair_gain,repair_decay,grace_gain,grace_loss,endgame_rounds,coop_streak_gate,pressure_gate,trust_gate,bias,trust_weight,pressure_weight,volatility_weight,repair_weight,grace_weight,recent_coop_weight,recent_defect_weight,betrayal_weight,score_gap_weight,threshold,rank,average_score_per_turn,gap_to_best_other,head_mean_margin,head_min_margin,head_negative_count
74,2.7048867424242413,0.7058702769223536,1.7601738165096128,1.1323851155602633,0.17384430849483876,0.23419703951061555,0.5080639630172015,0.6839005969224539,0.7211021935190438,0.7372042810064507,0.3415775651555552,0.23013327754623802,2,8,2.7622782775955557,0.47419014206282034,0.648447465870355,0.2967854621684341,0.7536257582553056,0.18458515684041923,0.4521279021934239,0.34760985107484915,0.6344442606328639,0.7893191246386442,0.30934809211380565,0.2522352500749609,0.0195856471160568,1,2.755424242424241,0.026121212121210213,0.29218749999999993,-1.0699999999999998,5
36,2.6163541666666656,0.697316740022197,1.0359350524780002,1.708494027922176,0.6658713546301989,0.48800873879236817,0.7175461202643161,0.5103574012776538,1.091671664845125,0.47910071876044835,0.21161045356994818,0.2919874473775932,2,7,3.021681724267408,0.7264090863010526,0.8321173517559299,0.4329054746810981,0.5426429102891188,0.17956974025183114,0.572693919005503,0.3012169280143253,0.41567920319622265,0.41723678740460757,0.8521572494938887,0.1525430716399032,0.26102587906174535,3,2.724666666666666,-0.008727272727274471,0.16406249999999997,-1.6,6
43,2.5992130681818164,0.7455646258911681,1.2170602538730955,1.139894987369723,0.39001508883005986,0.24894352152811147,0.9345348030218784,0.7223243374438088,1.0980586119506444,0.7425007158141143,0.226039279919088,0.27666987745100746,2,5,2.584774720403408,0.7516529628988358,0.6020005943582987,0.5238234330871935,0.807883276454758,0.11864671593719055,0.6548152528259946,0.36186868042933434,0.12696523208928978,0.40845419143796946,0.6383751871266381,0.27137548225627484,0.04153330676945441,3,2.7081818181818167,-0.020696969696970324,0.15859374999999995,-1.6,6
47,2.598678598484847,0.438329891084063,1.4671245511711422,1.770449428161556,0.6785353133565203,0.22193350306246518,0.8778555637105757,0.6002075557936599,0.6937393068003624,0.6818596426815929,0.09436977865882593,0.42868176862612795,1,9,2.012844493476679,0.7100279798087856,0.22960440940591326,0.5068637542451442,0.6432292361403222,0.3034729024877697,0.5031467861199462,0.18785341814282558,0.3638737356798529,0.5069535869248154,0.7298244772913558,0.2831578391788411,0.3287717908117228,6,2.639484848484847,-0.09030303030303255,0.33328125000000003,-1.01,7
71,2.597205303030303,0.6348863321275321,1.5158119104897152,1.801995131570071,0.5057459038519897,0.31708830673967825,0.49786314042433094,0.7397208193821017,0.41120761010573353,0.5309344707151621,0.17563345256675467,0.3492822196054071,2,4,1.8441243894112354,0.4738144100721086,0.3675120954183316,0.27850463345347554,0.7786201952018788,0.40313470316466293,0.5470098223752539,0.20254971378320374,0.24650941930938985,0.3183451559599296,0.357572513012845,0.3083571465774087,0.36165112874186156,5,2.648030303030303,-0.08272727272727431,0.333125,-1.1350000000000002,5
79,2.5939380681818163,0.6493655497512284,1.5817306609783048,1.1943080003549367,0.6081148582655491,0.22176492491851688,0.9477147869243734,0.5830384127537817,0.4706313535065836,0.5948899137354717,0.08179638907445805,0.7141493657818732,1,4,1.8746343023201413,0.3246238515942301,0.7752894767202234,0.16565968316685792,0.7202818141316235,0.21213287150642912,0.1644446370248043,0.27855158489419135,0.5820977946963728,0.2904205529066244,0.5251122843571928,0.10026501487623177,0.33121866410213885,6,2.640181818181816,-0.08812121212121449,0.31796874999999997,-1.0550000000000002,7
0,2.593716856060603,0.7224192047401488,1.5849113560871109,1.4204661572030814,0.431320436371293,0.43612079775557894,1.0977718559685292,0.5657459783098283,0.5186078345477557,0.4805392872827791,0.1281311580803987,0.3800518582195359,1,4,2.8599502264577867,0.697201443546005,-0.2725672551759481,0.39704141378888763,1.021444567635745,0.4681601500587226,0.21264037078874873,0.20946244214472648,0.6196567836409982,0.2552762139759559,0.27386860296747234,0.05504077844178321,0.2764132344960918,4,2.6460606060606033,-0.08539393939394335,0.32046874999999997,-1.1350000000000002,7
10,2.5920759469696977,0.3688796559555768,0.9711747964584925,1.6548375098021282,0.3624687412632283,0.2107740143398132,0.7765971410536596,0.7746615113962374,0.42009081240231505,0.7098227828287337,0.19562003141812906,0.5677907323786784,0,5,1.9502561878643845,0.18325574375719905,0.5592228371021846,0.17766078051681214,1.058600155054656,0.2005109581426215,0.24033352438928976,0.2206657822089219,0.643078658754711,0.5117178783216485,0.6026247639533127,0.34606769516360797,0.24270822058765248,6,2.6319696969696977,-0.09878787878787731,0.31421875000000005,-0.9700000000000001,7
44,2.589156628787879,0.7773727390422527,1.2492647250235607,1.6966789560982334,0.22287581550149227,0.326038723972882,1.0842976551191612,0.7423328778921405,0.7810910429272118,0.6659593208214056,0.1246981932873317,0.6507623488792473,2,8,2.5606067914140143,-0.11304955595711202,0.844967393238697,0.15118944515949664,0.9999369077531266,0.3327590221615856,0.6269606149821778,0.24399488913208217,0.3553540130231777,0.7341975340473201,0.47687767105731577,0.27761351768464976,0.19674822595264188,6,2.643787878787879,-0.08272727272727298,0.32140624999999995,-1.1649999999999998,5
65,2.588749053030303,0.5627620678751072,0.9771206349532757,1.4237200783342536,0.6963811821642635,0.3035619969474254,0.8225159417182077,0.49817014325620174,0.8424564816221605,0.8325141675415955,0.19363682697005036,0.6868930897708572,2,7,3.19779702323697,-0.08721982181924742,0.1490145190237086,0.2880977982722754,1.029361075558573,0.3752183694521284,0.19449048170801916,0.34018692426888325,0.10162942555454416,0.855413203714877,0.3282730360786971,0.304188752688843,-0.009859676958943284,4,2.6490303030303024,-0.07796969696969835,0.3176562499999999,-1.23,5
49,2.5838865530303026,0.4572298799808914,0.8287904507111664,1.464444430833929,0.25651685240796274,0.2855714155616914,0.7990204221142969,0.7000043542302354,0.9054704712428842,0.6689292634244656,0.3199127203864088,0.5570797901200026,2,4,1.854166477383382,0.24644177744582957,0.110064608467214,0.5328911677244091,0.6595721906722167,0.2727288306632516,0.3570048144340168,0.16151414674277048,0.3735858734589166,0.8405504296538,0.2647641201222563,0.07677089004015893,0.1781024703328454,6,2.6380303030303027,-0.09527272727272917,0.30546875,-1.1350000000000002,5
29,2.5829693181818167,0.6411884831341825,1.6100843245055705,1.836200394448492,0.36814390905089045,0.3495445606679851,0.8917776261339081,0.8208426927957853,0.5423673940506776,0.4969392581307813,0.2546887973896977,0.2706041893621295,1,5,2.237019346085038,0.10247733800711839,0.33459146022104874,0.33188419174798367,0.5648529302500161,0.3893534652858607,0.4310584589236165,0.3185667281886749,0.15016466162675754,0.889902368605239,0.5258316565489614,0.25864543884378216,0.25145887776504616,6,2.6431818181818167,-0.08687878787878978,0.31156249999999996,-1.22,7
62,2.5824982954545463,0.632974318717248,1.327282513072141,1.8453679746433638,0.48510136709336504,0.31020266728031215,0.5126569296601393,0.7185977643317585,0.5241731852426015,0.3810345900981185,0.082274315039188,0.46615660527824865,0,6,2.6490181660736374,0.05553390041747036,-0.1482153737790836,0.22868581152952835,0.9948042098241212,0.22094502933754476,0.25826738967558555,0.3900135402460315,0.6896089759356437,0.389841078191127,0.5394194735225466,0.20056557115362572,0.12232525404609373,6,2.627454545454546,-0.09696969696969715,0.31203125,-1.03,7
31,2.58189337121212,0.861507466761811,1.4252714258504922,1.5593203695408488,0.4424861934927099,0.3351677933103826,0.5770318087213495,0.8491430175836043,0.48651803144056543,0.5758952366739958,0.3065732766392954,0.5559328965950243,1,7,1.8011018909903926,0.0668220015874676,0.39674443744453386,0.4338828815684659,0.49183150070808357,0.280168506212523,0.6191830738561969,0.1684067938895481,0.3667334767916264,0.7865923151942018,0.38218080141797145,0.09738228078108954,0.39893231649221783,6,2.63921212121212,-0.09151515151515355,0.29234375,-1.155,7
21,2.5818564393939383,0.6147837363322306,1.6398389147451091,1.0659470019745363,0.2562952409277006,0.2512822216396795,0.6736579364357624,0.6170016676345333,0.6868479739644646,0.3933683494466041,0.3271971014061796,0.22941538206723638,2,5,2.5857548067596583,0.7028971224936456,0.13696491574205072,0.4881131145434253,0.6431540540666214,0.23577609685822407,0.6185121159036934,0.3519111756846936,0.6416660473019421,0.5324477613211156,0.47918938234749514,0.08154762797538584,0.10620609063522593,6,2.6433939393939383,-0.08760606060606246,0.28718750000000004,-1.2,5
58,2.5804719696969696,0.5074930026349709,1.475783045681177,1.4741802694450241,0.45831615942793946,0.4849024367310735,0.5012783962190391,0.6514689107235548,1.1211166862028592,0.6543566857038782,0.19528881691925387,0.6896221842620728,2,5,2.8883722133216203,0.7880664439404357,0.6236221228570407,0.20826174858595659,0.7261324089972111,0.15565314771214556,0.4707289145013388,0.20786657977133094,0.6191781556414454,0.3542212596054831,0.6544938098462401,0.26340543284021306,-0.0023769365175100865,4,2.6436969696969697,-0.08339393939394046,0.313125,-1.2600000000000002,5
67,2.5798212121212134,0.7650032032844014,0.9064047100665096,1.7522137493068026,0.38906089899096385,0.2675507118763427,1.0518840247529293,0.77240725653555,0.91589734435247,0.8175872166414873,0.33608404436427347,0.7111381006026967,0,9,2.468965023623756,0.23784226689223492,0.7540841940958554,0.30876743883252367,0.6331356503907555,0.37562854908910037,0.27432370265216693,0.24407446029514113,0.2684175692441169,0.5701547209760052,0.6481461118745737,0.06276179067795142,0.2743667480972798,6,2.6471212121212133,-0.0777272727272722,0.28250000000000003,-1.265,7
26,2.5797124999999985,0.46964738908737447,1.6525028671625575,1.067523508811635,0.22325427936991257,0.20007826996603184,1.052028422942635,0.5470349962113056,0.9609155641983455,0.5148585079832815,0.24018362192722237,0.5196536121006965,1,9,2.2733859769862774,0.7020300905921788,0.5144713514896964,0.2037285115786971,0.9957798470048691,0.2667062201213021,0.1518368978108935,0.23868341892470957,0.6026737427787375,0.6491966220969317,0.40437047740535187,0.21913937653933052,-0.04540007388009741,5,2.6389999999999985,-0.09390909090909227,0.3059375,-1.2,7
30,2.5791990530303033,0.8793712155883989,1.7655853641742905,1.4293201104373632,0.3695789304406659,0.20328431134912323,0.46039668277215895,0.5209029385040593,1.0264349067070488,0.5000764826026133,0.08974879367145183,0.5725784885588032,0,5,2.824912899887836,0.7542867314038486,0.21770577128617846,0.411844806455699,0.6932191941950551,0.14726669494711003,0.4132004574443533,0.30547542686722334,0.2677705388285724,0.4649323528686387,0.5306604888846482,0.32509597640152205,-0.038802687095146365,5,2.643030303030303,-0.0874242424242424,0.28140624999999997,-1.2200000000000002,7
12,2.5789782196969697,0.5032498370669156,1.5780924025949927,1.8095276654915113,0.3634452001367088,0.5440799384507473,0.4658804948476688,0.5029849107393667,1.080215934195592,0.8274252606047598,0.32942798524258343,0.28188479785757226,2,7,2.592735107411375,0.037042515677520205,0.6383205511764016,0.44780242467293774,0.9985292209471477,0.367534792858624,0.4135269311682789,0.1792672710187846,0.1651563399228412,0.6449321623209097,0.9372202211032361,0.06260336520851206,0.5350746274488252,6,2.6426969696969693,-0.08472727272727276,0.32234375000000004,-1.2799999999999998,5
66,2.5785306818181817,0.4419423158548802,0.961912875727146,1.222295892603685,0.30588090037202387,0.24084359195796431,0.6210383867288409,0.5305782286222307,1.1934570210126902,0.5774483651329372,0.11207687801122586,0.5088835834263081,2,7,2.7735875276696387,0.45307291944802747,-0.03799074035544869,0.19602668512997162,1.065067296629838,0.21555132970673552,0.48027927855617514,0.07901577042790707,0.2644976937019143,0.3145777542316796,0.7275199935547771,0.16864415562711432,0.01482812292811135,6,2.6338181818181816,-0.09966666666666724,0.3159375,-1.165,5
73,2.577935984848485,0.7961953010195799,1.5637746513163902,1.1837149018999586,0.5176919762554753,0.31415532686634734,0.628861160210725,0.45225549601162623,0.8291604398233744,0.37247574792664784,0.31474519030494635,0.5588996580514856,2,8,1.9226186350664858,-0.14903156773836274,0.5993558015602809,0.3469772168491011,0.7064525844225393,0.32671641204933255,0.34887009872225894,0.16910988163826626,0.10486717206147525,0.577090430686021,0.2881067408654201,0.16199656224350745,0.3104121380621546,6,2.632848484848485,-0.10181818181818203,0.31906249999999997,-1.165,5
27,2.577687310606061,0.3967593361256241,0.8603394772323743,1.4408286337181597,0.44631247286933273,0.4428563131408849,0.8377929607749923,0.5355347137133656,1.196361101485628,0.4377001519198085,0.17352422016102395,0.5443913975243843,0,6,3.1828883280490574,-0.1280398618526381,0.5734578069353371,0.17644365434897308,0.7642846680384533,0.45908214891782073,0.49199165306948067,0.1264395245994307,0.6555407623753827,0.33262202840929467,0.33409617046279383,0.203465747438349,0.31877921433613576,6,2.6426060606060613,-0.09206060606060573,0.28234375,-1.2349999999999999,7
52,2.5768630681818174,0.8093596753085068,1.2489103441023874,1.8107054170728407,0.29068642352194685,0.31361665331111355,0.5994891292876794,0.6393489044771312,0.7638883452994101,0.6225096717766636,0.3031177487916756,0.30973397326855956,2,9,2.672577979402053,0.530865452131275,-0.15605247305370015,0.4943709463271886,0.8255290327785362,0.11947410555773429,0.652846977913862,0.30277782683786275,0.6949269768545698,0.7320305123166331,0.31081849463963224,0.21236395196873026,-0.019976237177171965,5,2.645181818181818,-0.08490909090909193,0.28734375,-1.2850000000000001,5
50,2.5760496212121193,0.8708581453628167,0.9276355746468812,1.6106491834528143,0.5952600538870559,0.3734603563838543,1.0880276211684792,0.791004247928345,0.47003789423670306,0.5828293701824963,0.19982827923458574,0.660474587069154,1,7,2.2700616173254415,-0.008338349823816371,0.6870348835832294,0.38563934348339823,1.0299061547769433,0.3591789979046224,0.6147106339961854,0.3155150548937216,0.22965042662472673,0.26661261129755975,0.31853448195539813,0.1954443795819174,0.5224481714561304,6,2.632212121212119,-0.09651515151515433,0.31531249999999994,-1.175,7
55,2.574856249999998,0.569983278953502,1.4236447823628788,1.6455544806910973,0.6260307452182658,0.294380663263378,0.8799717340614166,0.6653649348308397,0.8636561126108102,0.3710458802519927,0.17211446149222198,0.6638656471303619,1,9,1.947079716917663,-0.04072305662604009,0.674549012591315,0.3942810732509354,0.5477124418648384,0.1948572536062324,0.6334401209640554,0.11897276458445025,0.5570151977292459,0.8991859913497282,0.7006455412085748,0.0794744266671464,0.5488956206977091,6,2.639999999999998,-0.0917878787878812,0.31046874999999996,-1.28,7
14,2.5741893939393945,0.638447570792337,1.1415503125003694,1.382549143130412,0.3534502040044233,0.44210208836056236,0.7177420931833621,0.7646981738669989,0.45494322816590754,0.7289146205668937,0.22556065697948408,0.6354088850318094,0,5,2.1323331246298753,0.7072564867100462,0.8506004688147966,0.2592836007964365,0.6945642789524958,0.23472148234115525,0.3304240934121643,0.38181008512429493,0.4010487125824652,0.5190580576397834,0.8776402831627168,0.2405129399426567,0.5095096067178029,6,2.6409393939393944,-0.09293939393939388,0.29375,-1.275,7
1,2.5726424242424257,0.5827489328802729,1.6527965500657509,1.3403013487032747,0.6940667030548895,0.542441960788787,0.7516106678818524,0.513407706594357,0.9096582350368202,0.5531965338917124,0.2824078490106432,0.517129478620421,0,5,2.2854201599007107,-0.06145649750043175,0.45158077323409446,0.1918567435360417,0.9084839071910464,0.1027819602399251,0.3999749243129061,0.21791406354268245,0.17187924319583894,0.5601450649532731,0.5750497465618063,0.16072145721681444,0.48257754111505335,6,2.6372424242424257,-0.08963636363636196,0.29500000000000004,-1.25,7
2,2.5716325757575738,0.8263385921785587,1.6905347213362667,1.1448835528756016,0.16423529763734082,0.4259669830730625,0.47956072071987,0.7320923675669204,0.6103501792872318,0.41419163746991267,0.13511236261408355,0.4218828254283483,2,5,2.391559833720849,0.10117744437092507,0.5128440835967847,0.168130675188541,0.5859839402312876,0.37498803724352137,0.5636258202145318,0.0854581230285757,0.139880762109389,0.5793472877772408,0.6923375693513042,0.054834713433329074,0.18390445949003945,6,2.6417575757575738,-0.09096969696970003,0.27562499999999995,-1.2899999999999998,5
4,2.5710928030303024,0.46582101572520807,0.9970829315026762,1.4237238069324154,0.5634360587343611,0.28153257364564116,0.6263833251811988,0.655102842460516,0.6089593384392659,0.7922390115136946,0.267510929862964,0.7254711226993618,2,9,2.721913549252784,0.08546761457614144,0.3056532433855303,0.32169977374677267,0.7609958705170612,0.1249878134479968,0.6173225948438098,0.10404675091599473,0.3749987178435912,0.8975312705100897,0.5847156907857302,0.3105553226940167,0.06932989892605312,7,2.6230303030303026,-0.10269696969697062,0.32718749999999996,-1.1400000000000001,5
70,2.5708268939393935,0.684912623831964,1.4257740408045436,1.4956221214857512,0.41138513406173904,0.6407622685939138,0.41291735537252344,0.47991482900340937,1.0057138595753323,0.411956728073405,0.17500186035409465,0.7399111513872911,2,6,3.0878089596766474,0.16485685736657257,-0.1858316953555491,0.5222635519712674,0.661651351779789,0.14386734418249675,0.38787106979698693,0.3259117874888219,0.13776040183928076,0.5662922680128308,0.558526475017566,0.09073551734413927,0.17027180259818867,7,2.6259393939393934,-0.10357575757575876,0.31406249999999997,-1.16,5
60,2.570559469696969,0.4670480115854029,1.039787444381537,1.3972399016721972,0.453674718838465,0.3855621672523318,0.7257297286614313,0.5540123690434611,1.134262726922908,0.44413302811590993,0.05494556452030466,0.6917424452309258,2,5,2.88417509156166,0.2996337924362035,-0.0988356259706252,0.40110530645762077,0.5203691474316697,0.2735694773468081,0.6108067288860167,0.06892395904216483,0.1013847378819788,0.5279245922998392,0.8196848186066674,0.24799786339043273,-0.056246530147084084,6,2.631696969696969,-0.0974545454545459,0.3171874999999999,-1.2400000000000002,5
51,2.569635037878788,0.4431692057573632,0.9545640242955777,0.9568017726150522,0.42012819882168606,0.5259234612154453,0.9686771458640295,0.711560135188896,0.6491452625172779,0.7987040599432129,0.07507998321314147,0.680662615925014,2,5,2.0790645264255145,-0.05708193647633536,-0.20591429584583082,0.27236343443902483,0.5465970322538615,0.42577245398211083,0.6981898654113408,0.3039403854412426,0.16818596406664424,0.7122197300903201,0.3184694555595244,0.27560116907138893,0.45963794072072517,6,2.630878787878788,-0.10618181818181816,0.32296874999999997,-1.25,5
48,2.5688532196969707,0.5083283601963877,0.8004787958856994,1.7070372998587842,0.5602238837170938,0.5444059733045417,0.9011000892713044,0.7853452264192802,1.184858164503209,0.3670131389299439,0.3003628133646047,0.2971011438893052,0,4,2.2442475477193824,0.0563920899530968,0.11658683206533382,0.4984462173498283,0.6318049427628879,0.25232288481859866,0.3215581748225743,0.15051850550287138,0.32812314518154906,0.494575477275545,0.9387329723683571,0.09448162136337607,0.16311146916755423,6,2.6356969696969705,-0.09454545454545471,0.28296874999999994,-1.26,7
16,2.567272348484848,0.83734147923835,1.5594088090337377,1.653082831320611,0.32076504009625445,0.42261708721518104,0.4900864677282658,0.8373780275216458,0.8161956368253005,0.7942207967365389,0.31524012612853813,0.2968327281660147,2,4,3.1911828239496667,0.5367761137582867,0.030357700773733787,0.25165465647746904,0.6439624876576155,0.45229314349353744,0.29291168944726864,0.09891810151789651,0.14323691143697156,0.6631254608132369,0.47488853671601655,0.052551256393881286,0.3382407570031206,7,2.630484848484848,-0.09060606060606125,0.31656249999999997,-1.265,5
68,2.5669513257575756,0.3565266930500582,1.5206848311935648,1.3372398695923866,0.5063532652601299,0.78876700869786,1.0276122935403316,0.7309756018654137,0.8785817534715117,0.4645823094036522,0.25686331965946896,0.7182949448909246,0,8,2.4232663635568867,0.44314571212465953,-0.26419069334585754,0.46737878171872227,0.5918193727190894,0.35492711377874886,0.6763938178238267,0.061007077960318276,0.6704658183872448,0.20107392389128834,0.8995386130934635,0.05640645463762002,0.12497350267038837,7,2.629757575757576,-0.10357575757575788,0.30328125000000006,-1.24,7
35,2.566664772727273,0.6057302817487403,1.397352721482463,1.6524066943776166,0.3352208464470564,0.6007974552685653,1.090769587812056,0.8145019174811989,0.7073259447669573,0.6806638011053642,0.23596345055528012,0.26618287071910596,0,8,2.982039199611691,0.4484354273958869,0.8887954847793968,0.26317368233064387,0.9084885792400884,0.3893966490033667,0.6436822003241414,0.33540365602481964,0.1752751286271647,0.49629604763838153,0.39818986838141046,0.3160897595719287,0.006330794205518214,6,2.6327272727272732,-0.0980909090909079,0.2828125,-1.25,7
53,2.566210227272729,0.649395687942637,1.316253553913128,1.3170953292757575,0.24915535043344766,0.2662257732117531,0.5139320199038983,0.4915449143173556,0.45840875982319035,0.39033475935245165,0.075769747887433,0.684876651554791,0,8,2.144849069213768,0.21318729295939537,0.7878692413912423,0.47402656435870905,1.083557598165846,0.15584103751829104,0.5652686758075182,0.14271108215575795,0.6403426900187753,0.5236055747657926,0.8935811132356992,0.12479611535474498,-0.07953524853899202,6,2.636272727272729,-0.09427272727272573,0.2828125,-1.3,7
33,2.564898484848482,0.6739001153890058,1.2417271643581518,1.7696033541685514,0.22623892926687697,0.4930250406532204,0.8328412954988138,0.6167469205897762,0.8066431685636019,0.36607385588446056,0.20421653953782454,0.3495748557578904,1,8,2.52049106824524,0.08855762716195942,-0.278356528819046,0.28660671252881753,0.755309390203414,0.4369697038472059,0.31421182563041106,0.2098029985219792,0.470984099797197,0.7001820848807161,0.38198282632825525,0.14851956841903594,-0.017796429229370178,6,2.6288484848484823,-0.09900000000000286,0.30374999999999996,-1.2550000000000001,7
20,2.5629715909090884,0.36456337734176225,1.0437721241729543,1.7830678293089393,0.4391738085671969,0.5943413640342813,0.6580061834425515,0.5934042364518267,0.7516649264060573,0.4436768147450498,0.22831485310365002,0.3719778218603893,1,9,1.983386601994502,0.7339283727076111,-0.1521666099177613,0.5203032559950158,0.7401494460054425,0.43289097546337574,0.4394293420573365,0.19920749271348054,0.3149114220440064,0.6232790366201342,0.5977617942353923,0.0866340099540247,0.21167069781209988,6,2.6299090909090883,-0.1004242424242463,0.31218749999999995,-1.3050000000000002,7
25,2.5613051136363647,0.5739727620455668,1.6639601959819799,1.8236184794880663,0.20996940028402772,0.7156675277510136,0.49386971300849175,0.7599535862201887,1.1219266375084995,0.43484576948032827,0.11950156337263862,0.6973776916622627,0,5,2.50807362982713,0.515990034422612,0.22032784748067086,0.2326398693748677,0.8356344991619722,0.2293615014312486,0.45943700427280365,0.3063766895103772,0.29446920096969975,0.6035066398131641,0.6322848700957706,0.20299007827216764,0.09326824460175712,7,2.6266363636363645,-0.10451515151515167,0.29890625000000004,-1.265,7
59,2.560812499999998,0.8418554905282547,0.9281368675515221,1.4028219219779707,0.5641829692401277,0.27154811497558556,1.0547815856363791,0.8121676152545956,1.070694704008052,0.5114432454303538,0.3408573595749063,0.5920873057923717,1,4,2.1154528545213664,-0.05700750501599333,0.006157581352339847,0.16219958761176184,0.9337557712552398,0.3596771961267753,0.3900109207212491,0.19727318965108842,0.2821456088489107,0.4591117690161955,0.8045210097507574,0.28815353908172614,0.40446018892612723,6,2.6209999999999978,-0.10124242424242746,0.3184375,-1.23,7
7,2.560428219696967,0.6553362074949112,1.6904244177344019,0.9596887736265195,0.6171199436286988,0.46290343160989517,1.0789894963296647,0.6958900095932832,0.7946170754787043,0.5432902206506359,0.13428286721308136,0.39266168415565755,1,4,2.4881577807550608,-0.17354552465496725,-0.029516908574382716,0.2737569616936536,0.6084321965793074,0.41522265195758,0.37934756613287335,0.09770614833297353,0.42048365576593705,0.3171293712643516,0.33956745368590324,0.23241590070159546,-0.04410572103072959,7,2.617696969696967,-0.11015151515151889,0.32609374999999996,-1.205,7
24,2.560110416666665,0.4469086003655843,1.6970148140756147,1.0505351029378402,0.30601635639156555,0.4731684154132179,0.9330380111024202,0.803211293018212,0.5563794397834697,0.8122260552002608,0.19770402458434483,0.38335333809318356,1,6,2.7303002115549084,0.7317558276208593,0.5061618940276253,0.4305134928877421,1.0548132170251299,0.3525087916282298,0.3685931592277568,0.13168264088055465,0.23555193841586847,0.3315294913402624,0.8256240828448265,0.1617411480147651,0.15402706325646584,7,2.628666666666665,-0.0979696969696997,0.31203125,-1.325,7
28,2.560008901515151,0.5583735625098731,1.3367042895762364,1.4371756702345815,0.2651318556923769,0.46209346852364774,0.5535257893044642,0.8121388875650997,0.9197444869134854,0.4173851866551106,0.18420981990337948,0.3487010511438092,2,5,3.196609402516491,0.08015684400617878,0.499826325306264,0.26688227865691705,0.7313598140476882,0.30539057954615634,0.4200588650189121,0.23259854264940322,0.42799714531615973,0.6134715195360805,0.8248298559443934,0.31839502783722273,0.04414457699915708,6,2.6295151515151507,-0.09500000000000108,0.31078124999999995,-1.3349999999999997,5
69,2.5582759469696965,0.8232381923159956,1.5751189821104685,1.6892275222230633,0.6932160670084865,0.537454182981371,0.48535967225346927,0.8099306606931664,0.46839212866425184,0.5773358792733694,0.25408146485427135,0.7184972391627775,2,5,1.8390606825620825,-0.024412877750564832,-0.013790183388163735,0.19565473623118562,0.5046893528086402,0.19903749089234946,0.696702646466956,0.19274776548509082,0.4542071468179457,0.8298753177997789,0.3209355631771282,0.1388950324144957,0.14949016166745754,7,2.6099696969696966,-0.12218181818181906,0.32921875,-1.1400000000000001,5
42,2.557814393939391,0.8733563994609989,1.5629937301385763,1.191660159773525,0.4988143304017014,0.3217238719289062,0.5684940439202798,0.5723910140273977,0.9098816809651058,0.7216315985844367,0.18026210336746062,0.4351770051527466,1,5,2.8420457627445574,-0.19812628462344167,0.5260020004109898,0.4606566777933594,0.8255298497165545,0.3221799521669759,0.6566102206168833,0.35182117001580027,0.3692529848182594,0.9498935311407015,0.3826610131384381,0.26351583094859116,0.01302476802997199,3,2.667939393939391,-0.06306060606060893,0.16562499999999994,-1.625,8
38,2.554760037878787,0.3812630237338545,1.765810851831647,1.8781757868776108,0.30064397823698485,0.665298116228956,0.6575265705729361,0.553782808045567,0.8924650894310291,0.6419743146328514,0.06426316908936339,0.4309172651542652,2,9,1.9915806877815017,0.6910155451915967,0.31434894181795586,0.2629235705330835,0.6340441895249997,0.26729549146883647,0.5663826372034656,0.20971296899816388,0.4391741557890446,0.5119034748050746,0.8099532521691633,0.2702086678897165,0.3521733965417494,6,2.6258787878787873,-0.10151515151515245,0.3173437499999999,-1.365,5
17,2.545474621212122,0.515168040887982,1.0885871487821404,1.0808317040872573,0.4026553502285314,0.4044165827285193,0.6025915916265803,0.6563303525624397,0.5908066592812039,0.4097088536600525,0.18499579397528876,0.2379485717206537,0,7,2.390645451053139,0.5479407533804119,-0.12061816280455878,0.19031795341651264,1.0315867767499498,0.3953657327524128,0.3866697823285338,0.28936475378337867,0.5315229325316885,0.5257224481051597,0.3235760567149032,0.08388418132926667,0.12130045014755944,6,2.616212121212122,-0.11118181818181805,0.2971875,-1.33,7
78,2.543084469696968,0.7027145291238481,0.9662432158616038,1.3416698172509378,0.3704899254365492,0.47876425958193963,0.678430057846845,0.7399437699001763,0.5951649640670131,0.6814043703121865,0.3054822979539434,0.2632855174118155,1,8,1.7230415362373916,0.7255624312700002,0.37026078544825797,0.19300695511732718,0.4568085646261722,0.10990288009642663,0.6717647642867269,0.2752605792532655,0.5347895913537926,0.8348807032927259,0.3557527566007698,0.06493981488338704,0.11651983610426805,4,2.656696969696968,-0.07409090909091143,0.13656249999999998,-1.625,8
76,2.5101195075757587,0.8938366950972618,1.7966890680642116,1.057703309603926,0.46740233273806253,0.5972212890372723,0.9341745014022611,0.627873703328878,1.0529768404361293,0.5195056370061011,0.13085910314424212,0.33578319548363944,0,6,2.003045157781585,0.502911607475047,0.5018165383967135,0.18911346192385792,0.641653137769977,0.4873668633714807,0.48934691852293344,0.0953808668595269,0.32499464934393796,0.3770384325250942,0.3579279241922711,0.21706492091212798,0.385345614540171,10,2.5885757575757586,-0.13966666666666638,0.15953125,-1.22,7
63,2.49571193181818,0.8867119711703757,0.8480964123153983,1.7426348371077722,0.5756267624060225,0.3434490175191871,0.6492501370468124,0.845524920546854,0.4926813350589381,0.6717515022078223,0.3367148248877235,0.3979128666182533,2,4,2.399550843461692,0.07282656389406778,0.6579157856475397,0.47689311608346874,0.8872170596568028,0.24677215640130337,0.22899369997821029,0.2671279506010515,0.29536825179526405,0.3786470234225041,0.6032479934765387,0.1263631324375254,0.0417128996487337,7,2.60381818181818,-0.12336363636363856,0.16578124999999994,-1.6,6
32,2.4954467803030296,0.4617593794101909,0.9888453207518476,0.9214476505153817,0.28771859700617736,0.7237224444166304,0.49620144513983094,0.5961704467343922,0.5874266722111664,0.7702475491537895,0.2883012945551045,0.6198119082301807,2,6,3.053760526675677,0.36877161474963244,-0.05217850508550806,0.21527942255142216,0.8499495789637134,0.25045589450687555,0.4533964632122316,0.3000495236315139,0.681167667485206,0.5139512303375238,0.6243913833501991,0.2976081847163196,0.4483150331172806,7,2.6043030303030297,-0.13039393939394017,0.15953124999999993,-1.6,6
75,2.493960227272727,0.40453530480108585,1.1443378224722731,1.2371321499708494,0.6285225950428207,0.5996850786218966,0.7537153144250659,0.6299113074313851,0.5475542236370237,0.43276996482458,0.20454653055180533,0.37880807131645927,2,7,2.8458972387222357,-0.12964472452650616,0.7687220942499555,0.28786251877917485,1.0086810351435815,0.2553735142090229,0.5300454361138269,0.08246942154438167,0.333174548132834,0.6719023067759693,0.3633962846359843,0.2582169775440197,-0.05398831304611304,8,2.602272727272727,-0.12830303030303014,0.16406249999999992,-1.6,6
18,2.4931147727272727,0.46577572973915526,1.143094391896555,1.4272651847771236,0.5841984606239687,0.6068301505306368,0.8327187023750107,0.6050532517730962,1.0542073221902615,0.5969973873287664,0.15187574050040634,0.3328529698921602,2,5,2.3885688916424077,0.29556555337424845,0.8832522043172539,0.5453753501614368,0.7988427581062146,0.14452713914094284,0.6105075426599059,0.27776873927686846,0.6087719131131176,0.947110487663388,0.7746570000293971,0.3427258366655625,0.23994697414955865,6,2.6017272727272727,-0.12706060606060676,0.16156249999999997,-1.6,6
57,2.4919535984848453,0.8061667899871476,0.9892109844985887,1.060983965785676,0.5848107775938228,0.3798664378628467,0.5038559647250694,0.7343630214473698,1.16312394734851,0.5416220859003893,0.32891145370495783,0.6913604275323542,1,8,2.350698312655629,0.2609612502497171,0.27501773599943585,0.3104316009635176,0.9890987557967335,0.33049263137766616,0.49178519792963216,0.2496886656197298,0.1955594774214806,0.3842508535293199,0.6337262226552252,0.2458955197353893,0.22221195084134607,7,2.6014848484848456,-0.13309090909091204,0.15390624999999997,-1.6,8
13,2.4918609848484827,0.8213088911980031,1.7365790460981163,1.3824292820611188,0.33350623598687856,0.7311741520684347,0.5056080315329008,0.5597772304047864,1.0371996657991343,0.7654966374062768,0.14174613621784224,0.46823159242062573,1,8,3.0894818171954723,0.7437695621460629,0.5034920545189363,0.4683242685414991,0.8080285242645497,0.18077800680354758,0.24153365825282688,0.11632330644565093,0.5603646507807759,0.7020653583699115,0.22571181064792067,0.1376095987728279,-0.05173446328733945,7,2.6028484848484825,-0.13224242424242716,0.15843749999999995,-1.625,8
41,2.490622916666666,0.6865474774849464,1.597444244845148,1.477350801231345,0.42790901540610904,0.7885539419772041,0.6388015324757483,0.6520413263559868,0.9189908623324687,0.47778982951528415,0.09402386373524253,0.7218755722226764,2,9,2.6544535567638845,0.5695925495164205,0.854800799737166,0.5273269160895413,0.9726509351755255,0.4501661644816961,0.307332104946062,0.1141460430269882,0.22057290360330803,0.7974321236510395,0.4271072127117821,0.23136233128246542,0.39847121828563636,7,2.599666666666666,-0.12118181818181961,0.15796874999999994,-1.6,6
61,2.489575568181817,0.7362530237771225,0.9420077067176932,1.0499088022159848,0.38507754830719026,0.7312415703212363,0.8079198688338699,0.6754199284581283,1.159479397485355,0.6242102517957662,0.16998319625447111,0.6716112742740794,1,7,2.706979557425741,0.11390720422236195,-0.1119523510052017,0.3154385902084156,0.9956972747609105,0.18034246060322934,0.6324133249132851,0.14135033386928583,0.190140878506447,0.4201632252013231,0.44001266552968976,0.10143195286624601,0.03482672393213865,7,2.601181818181817,-0.13230303030303192,0.15328124999999998,-1.625,8
19,2.4893668560606037,0.37480434433888177,1.4803899103087494,0.9917764900379549,0.4314479641153568,0.5326826998825169,1.0538614028728803,0.6693361864503837,0.6636040193625888,0.83505612311295,0.29005970361469446,0.7179389245587284,1,5,1.9903908304774642,-0.021961526534553133,0.347311676480168,0.22143742739662686,0.9667880013889396,0.2910329056988935,0.19243343319982212,0.21542346674073104,0.520136414416956,0.6372722298955762,0.3697503128020835,0.33194139625321134,-0.02952685677453072,6,2.5990606060606036,-0.13190909090909386,0.16921874999999997,-1.625,8
56,2.489361931818179,0.8467238605037196,1.3098295830251019,1.1670596929611536,0.1941126924158894,0.3784523814295278,0.9910616569844608,0.6430435275589637,1.194618246329553,0.39546446018695985,0.21697663813579776,0.6160466927706075,1,9,3.1906349115127632,0.6668948425842682,0.6388651462870116,0.3873024785909077,0.9260816975091222,0.1333514995864353,0.5591487983364587,0.23852118308192116,0.2027167035683004,0.7296713758436286,0.8869745044844339,0.1814604401583625,-0.03548762546700544,7,2.600818181818179,-0.13633333333333608,0.15453124999999995,-1.625,8
77,2.4870248106060604,0.6813186627501338,1.459694207374389,1.2239287985618503,0.3967664912422735,0.6465782797234352,0.6682536591573169,0.47538040063848513,0.7968343462823413,0.7243973789142697,0.3363928238986246,0.28071749440114896,2,4,1.9519513721984467,0.36391409932156166,-0.15951411070334592,0.38257479014689044,1.0395935988245584,0.17624573855074038,0.1941223439335063,0.13347740221288362,0.5029490360810612,0.7956966506253702,0.5920783062768702,0.2288958107897922,0.3650979193168685,7,2.59260606060606,-0.13615151515151558,0.17015624999999993,-1.5750000000000002,6
15,2.486646780303028,0.7072911746495211,1.242177652826658,0.9786903375536463,0.4232488175398956,0.5129733672733915,0.8323073044901872,0.7888364679000421,0.6926011033854358,0.6247889631220016,0.2973012635210947,0.7223142165085432,1,9,3.138059404289304,-0.023384012629816542,0.7367078911685618,0.4290112012852034,0.7981815718757519,0.42700677361625305,0.5975658827645283,0.05967439420555087,0.6671266753843429,0.7617458454697574,0.5473230930904804,0.11312553202109119,0.47815772671704726,8,2.5993030303030276,-0.12803030303030605,0.14453124999999994,-1.625,8
3,2.486297537878787,0.5011399320621546,0.8851050699231975,1.0711391317107588,0.3072123299218543,0.4802239783032668,0.47855576680564343,0.6981373800923489,1.103003847587848,0.6919881903038174,0.0703928405691229,0.5566727025085683,2,5,1.7131544568926007,0.18469903633578327,0.4830586042085743,0.5300565947205526,1.05381987113917,0.32781256897946354,0.4738681442746645,0.3854640684168762,0.2263759714258396,0.5818571641152905,0.24615778862253868,0.28237888279761225,0.32486961823750515,9,2.593878787878787,-0.1326060606060624,0.17015624999999995,-1.6,6
11,2.4841806818181804,0.5408895111459229,0.9892533102441113,1.4215270381566318,0.4971049242578204,0.5553133455664098,0.5355147625164763,0.45493821153307284,1.17236388350454,0.6944654914099703,0.30343374529656997,0.6628927967285245,1,7,1.980037705095265,0.7635333992265605,0.7757618177207695,0.1763487359682728,0.8594149869927122,0.30015701628770197,0.1633404133767541,0.24906327923408095,0.4902715176682383,0.5349166023403977,0.39137488410099175,0.3159126614656844,0.33650152061672023,8,2.5968181818181804,-0.1300606060606082,0.14468749999999994,-1.625,8
5,2.4835229166666677,0.606768825149109,1.1792514032585082,1.2242877373815193,0.3531767264224083,0.4671464526355126,0.9892358886612226,0.8383828452831381,0.47568393132642844,0.683846076053535,0.20865229990277678,0.42723850860873824,0,6,1.8405086180232468,0.2368980256250321,0.24949342841034122,0.44239791741103796,0.47921593779513966,0.20480422459325276,0.19858114784585051,0.12926087146363202,0.1190595446804519,0.3277971798495428,0.5524233866328732,0.26449377511695976,-0.03053071713873938,7,2.598666666666668,-0.12924242424242305,0.14046874999999998,-1.6500000000000004,8
40,2.48285606060606,0.8739378352972393,1.782285077419996,1.7083977430805521,0.5415244574912021,0.7311948451940686,0.583929920137326,0.6769472347628201,1.0473579642229995,0.42288170228683586,0.3451456674728841,0.3588959566295746,2,9,2.4867022026037784,-0.023155533732815592,0.5949782244342228,0.5082015458257781,0.939386745242514,0.45607682408201355,0.38918762783317595,0.3671361825468062,0.4624361645432351,0.22130395581013138,0.5223377065397274,0.24544334683139096,0.23197294467515836,9,2.59360606060606,-0.13257575757575868,0.14374999999999993,-1.6,6
22,2.4815316287878773,0.5161993773825727,0.887834836944174,1.852746240412821,0.2582826191169126,0.7875045526534197,0.4784994318592579,0.49591089055293563,0.7987785118424355,0.6289481227453277,0.32183246882890887,0.6021305013385908,2,7,1.705933510023761,-0.1794310330284667,0.4212933655001337,0.19427836000941964,0.9744709069717561,0.4106682678521191,0.4786065071592893,0.15632985304259686,0.6828370666497362,0.7158950360019505,0.5637765573160192,0.07901254978787278,0.37898234332571923,9,2.5897878787878774,-0.14409090909091127,0.16453124999999993,-1.6,6
23,2.4813371212121216,0.8665155496714553,0.8153492257417935,1.4422032967185685,0.2287124008382877,0.6718557803713393,0.5985232324262818,0.830552799619378,0.9293150994163897,0.4970021730389017,0.13054367723085747,0.694851780856959,0,7,2.395523619015414,0.6289982559522656,0.5568794680376774,0.18357374432606016,0.8442637545497391,0.3512767403941821,0.25697098144119374,0.21458454944011174,0.4686054231198813,0.20023610375181275,0.4882631136848484,0.26813930081564813,0.2855252612069765,7,2.5972121212121215,-0.13439393939393973,0.134375,-1.6500000000000004,8
39,2.480383333333333,0.7377274094073885,1.1876881612787367,0.9624216470335623,0.6743813847556446,0.5276631325487708,0.5485844545441773,0.8400491677169353,0.507463567777988,0.5084818217192275,0.1833620789325488,0.4654449598459977,2,5,2.628501200628328,0.5250511449176674,0.4103887284122066,0.5478108844900221,0.5388944341632737,0.3569823162612429,0.34718562363486827,0.20221212166306662,0.16611685503750176,0.9072053132629843,0.549403533005298,0.13085853080391147,0.46029698633007554,9,2.5893333333333333,-0.13100000000000067,0.1587499999999999,-1.6,6
64,2.479327083333333,0.8112222569951355,1.2714217676291972,1.2712411729551885,0.5406139710884765,0.7427748619988752,0.9989082542130805,0.5900775377541567,0.8781754459965625,0.6471690688638465,0.3102707563267748,0.5349118387033128,2,7,2.4425489731379635,-0.14065230482638041,0.5321889849530437,0.19763435065068977,1.0430523261804,0.20507016326471464,0.6876176805732345,0.24507872574901035,0.11880757747068066,0.2763763902109192,0.26272477197574406,0.17703774631151836,0.5440580043384938,9,2.5883333333333334,-0.13627272727272777,0.15828124999999993,-1.6,6
54,2.478947537878788,0.6484833221232787,1.4682132794147846,1.0613024703579537,0.21954864127412832,0.6138083910757819,0.7298062701648609,0.8196754973637034,0.6879225109654711,0.8166407303882357,0.14134351441322074,0.4214809858901758,0,9,3.1206632076959058,0.2587635550330994,0.39806614460550277,0.35429382071364734,1.012771296212684,0.16639634293263478,0.5365491099949693,0.1952810321316657,0.46966179081577,0.9471602880243271,0.7434553814369815,0.06280368728898017,0.02767557620772826,7,2.594878787878788,-0.1349393939393937,0.13390624999999998,-1.6500000000000004,8
72,2.476232765151516,0.892528938239711,1.4262367467678754,1.5818778423853144,0.35718546367552856,0.7305738057624134,0.6540839796407191,0.6738925290820541,0.7181870076198116,0.78652867899707,0.14221872264793523,0.6840674703830028,0,4,3.087334689334382,-0.1917075320992882,0.05920049517893905,0.4141272857465771,0.7909676796798781,0.3910942353255713,0.2598109321042754,0.191682368851613,0.5137591816301059,0.6964867069614398,0.3023245887459989,0.08171445619405367,0.1368281225286741,9,2.594151515151516,-0.1349999999999989,0.11734375,-1.6500000000000004,8
8,2.476177840909089,0.7661600591312614,1.2388072311209117,0.9643765745883157,0.5207342058163031,0.7768787101001069,0.9169638944373818,0.7865564758903538,1.1513535683389273,0.48573508057137493,0.19588732905036998,0.6076774137935097,1,6,3.1502103939442923,0.22326598468735076,-0.2739082025927611,0.18803968183053787,0.7275718944166085,0.10756719192527463,0.4854241235658755,0.398077949296062,0.6597899120966637,0.9400260399993474,0.3867691556474633,0.10408865088381504,-0.054125618533451804,9,2.591909090909089,-0.13378787878788145,0.11890624999999996,-1.625,8
46,2.4714842803030304,0.4593777824817141,1.5297307061476113,0.9930103867833385,0.4657280296712413,0.6912193835618172,1.0071006319801141,0.5232765339753147,1.0432842816220715,0.7339453968022098,0.16746147172717613,0.464435216618062,0,8,1.7287021817085393,0.7064185714311033,0.24305239166076592,0.16064852872816168,0.6216147738600287,0.3370401161095191,0.6540277283539093,0.1107922303831583,0.5529842118436266,0.3672841175018079,0.536695933573796,0.05356601860641336,0.11417875998828458,8,2.5873030303030307,-0.14609090909090794,0.13484374999999998,-1.6500000000000004,8
6,2.470879545454546,0.6780644184569253,0.8910182436843855,0.9364392220047079,0.38977788258831575,0.6295242384788977,0.4980448143870599,0.5797720767417682,0.8334650917688102,0.6227439732690461,0.05998244496542492,0.3051475162180546,0,6,1.8823321050720798,0.6438534248183223,-0.14601913626025845,0.4279208077480039,0.6519028444268269,0.262247489627377,0.2736609402641925,0.3086064169172092,0.161986886010308,0.380743963970244,0.3031696294234543,0.18808014674184942,0.2633485581254763,8,2.5864545454545462,-0.14193939393939425,0.136875,-1.6500000000000004,8
45,2.470791287878788,0.4292380297041156,1.2290410176478572,1.6531677080107827,0.2829755779774742,0.7618652508987482,0.44070079255447586,0.7611082240369131,0.9271570403015691,0.35828922211145736,0.33001974067496026,0.5135711283998561,0,6,1.8612425145254206,0.09069755654850137,0.5144313987589324,0.4305747682625952,0.5000031217473531,0.33445827480138324,0.29447307036020015,0.06142776326982659,0.5654730231011019,0.3653226370252131,0.21389003937236228,0.22447243544260453,0.08742631431729694,9,2.585878787878788,-0.14493939393939348,0.1409375,-1.6500000000000004,8
34,2.4659732954545457,0.8604421702091193,0.9207512046191766,1.40379507464128,0.5341071532837081,0.7674015090599315,0.6559441064180391,0.8276939145610522,0.4127040053823565,0.7882428917618243,0.06589342267736024,0.7202255409727616,0,7,2.3949631260243702,0.15950323017854035,0.7678828253916694,0.20239446581954484,0.8367346597080796,0.19599793632427326,0.3233244387789591,0.26277052822522634,0.1755327673500714,0.6172858889636941,0.7296422522630963,0.1951661441423092,0.5240483858055736,9,2.581454545454546,-0.14472727272727282,0.13765624999999998,-1.6500000000000004,8
37,2.465807954545455,0.8533992061093075,1.239944706402004,1.5665020625638877,0.35454314925268116,0.6572896923407888,1.008276795559084,0.4605140705811259,0.7443076081179723,0.8369684115478286,0.34785338990165265,0.48854843594938424,0,5,2.25149480613113,0.7571887004622722,0.8858859134274357,0.512461343284255,0.8036405301944443,0.2815944770730401,0.5625936585914246,0.08672741878431081,0.3821757445944294,0.5775524433300732,0.5471476718367876,0.09858737904404405,0.35758483701381116,9,2.582545454545455,-0.14103030303030284,0.12718749999999998,-1.6500000000000004,8
9,2.448123863636362,0.8619454135553333,0.826002579342705,0.9724702406579809,0.516986441807743,0.7686421472790663,0.7738991224825991,0.4752197324291114,0.4281774943690099,0.7597582004256566,0.2565127592349668,0.3707065001492145,1,6,3.11762570830212,-0.0804303708205692,0.4307952766626579,0.16743556965240813,1.0533008170643918,0.1465197790854625,0.33478652178378415,0.17320569782124154,0.5299819929648044,0.5500902304809805,0.6047842322845354,0.24147851567743456,0.2741122404909955,12,2.5686363636363616,-0.16345454545454796,0.07906249999999997,-1.625,8
