i,rank,avg,gap,head_mean,head_min,trust_gain_c,trust_loss_d,betrayal_pressure,deadlock_pressure,mutual_relief,volatility_gain,volatility_decay,repair_gain,repair_decay,grace_gain,grace_loss,endgame_rounds,coop_streak_gate,pressure_gate,trust_gate,bias,trust_weight,pressure_weight,volatility_weight,repair_weight,grace_weight,recent_coop_weight,recent_defect_weight,betrayal_weight,score_gap_weight,threshold
10,1,2.7504621212121183,0.02308333333333623,0.2968359374999999,-1.17625,0.7625846372032292,1.7130763691295248,1.2065159537854815,0.20045665472192994,0.20240482929365075,0.40683175565448687,0.6752094794038217,0.7252126085373021,0.7180080336441217,0.24415358829843975,0.26469903922388077,2,8,2.931318106929319,0.4826472486545718,0.6999516822801891,0.21199259121695185,0.7508772924111995,0.18646712674717628,0.43584376788419055,0.3778927881475659,0.6732781024095926,0.7408858462616333,0.3658684058481555,0.27013846829225663,0.12793447139740216
27,1,2.7492499999999933,0.021568181818180765,0.27902343749999997,-1.18625,0.7608179026677613,1.7172304767440696,1.1524283058638793,0.15654167506786673,0.21544963954571134,0.46959435258642135,0.6436900408763183,0.6937215545769068,0.7077541426401589,0.25326512236896304,0.2639846247902777,1,5,2.836977350471357,0.38707316492150395,0.7043402948229383,0.1952829351030322,0.7232060661257393,0.19029317254406827,0.49781082550576616,0.3268281402273521,0.6940435874563422,0.7407191648185285,0.3942287899236487,0.2888782644390356,0.0812629270980661
13,1,2.749242424242418,0.021863636363635752,0.29277343749999996,-1.1775,0.7531897421300578,1.764076136970127,1.177138522197182,0.1946445408610903,0.22154070434065912,0.41307492368027776,0.6590821310091727,0.7426993195133846,0.6932256308719769,0.24092347411449974,0.24284834327575233,2,5,2.8000334185964038,0.40453061541712876,0.6532792065421048,0.225182400412668,0.7395911670566433,0.2067989457803363,0.46614599109287236,0.3482973118978784,0.6889682030064875,0.7585398941310891,0.34257014122234786,0.26224460763364776,0.0006287108831277144
4,1,2.7491287878787825,0.02144696969696991,0.278515625,-1.18625,0.7428776787403233,1.7237377936583114,1.2035824388713825,0.172026518733077,0.23041436437144414,0.42218301620678916,0.6512202623867285,0.7033369733068788,0.7488757769327602,0.27368509454653883,0.21754164397834794,1,8,2.905230119778618,0.4751555683152559,0.7026003967872112,0.22675518229852246,0.7743663645746094,0.16761946426859559,0.45010718842857134,0.36458973851059684,0.6434502759949555,0.7032551183984745,0.3474836135111619,0.28243078132928295,0.09537308584721689
33,1,2.7491287878787825,0.02144696969696991,0.27781249999999996,-1.18625,0.8119600039298753,1.7346678170228602,1.1586183031952544,0.20203065041039292,0.22509921343035003,0.4147921930222609,0.6710560396034203,0.7218951622790468,0.7038686849260906,0.30196710559971834,0.23933242851803327,1,7,2.9393782035117506,0.4735497313216909,0.6552723486027289,0.20978037699169333,0.7672179360774404,0.1633176231868565,0.4294984057306499,0.32869393720742934,0.6960259923612013,0.7527172590234453,0.37076032866799835,0.30143764680931207,0.09813667628628596
2,1,2.7487196969696917,0.021037878787879105,0.276796875,-1.18625,0.7844473195140487,1.6983449207763113,1.1531079376752835,0.20444671565139882,0.2108043447563383,0.4359475090033746,0.6247117785074499,0.6950540659516043,0.7329223065373505,0.3067989313028651,0.2606682800409137,1,7,2.8735436811298882,0.4506575963435965,0.6840912682849075,0.2558967364651104,0.7938899812153786,0.14983304905387304,0.4485266717057186,0.3318625606319917,0.678123715307453,0.7040819660132811,0.3669274183602285,0.3349114205897679,-0.017480054519080426
34,1,2.7486515151515096,0.021272727272727554,0.2903124999999999,-1.1775,0.7783290901876952,1.7113317222368265,1.179452234137145,0.19497063179468194,0.21946965332340473,0.44402711373414006,0.6608413802056903,0.734069141667016,0.6908176143554123,0.2560196669612308,0.26067691012887284,2,8,2.9417946594618507,0.4160445408477553,0.6766801749355478,0.2570510719969433,0.7546116539271446,0.15917329403816327,0.45891862120840876,0.3353005988377869,0.6906951218192038,0.7345100408896418,0.3728145568967507,0.2653697333434011,0.08810366245985904
3,1,2.7485606060606,0.021181818181817746,0.2898828125,-1.1775,0.7769021928660642,1.7476066455352723,1.2087421144057082,0.19325790223065997,0.2143068768921102,0.4007874158540981,0.6674210258104075,0.6833786724256904,0.7248899053180445,0.24941191009939315,0.2538182250178775,2,6,2.8621402616999463,0.3338192402360692,0.7166338600985146,0.2365512584113859,0.7238273051840406,0.16976244656340156,0.4543066679367621,0.38646947233178836,0.6851011756900228,0.746437405317022,0.39485026921103794,0.3092989121164787,0.011347050408088234
31,1,2.7485378787878743,0.021159090909092182,0.2903125,-1.1775,0.7531603446058568,1.7594754274395734,1.2103515399568276,0.1870759342592308,0.253856728722675,0.4205534984174076,0.6504223066485308,0.6774943648545763,0.7050252637876592,0.2727988102725816,0.2671773888150065,2,5,2.9258344591951895,0.3384234696989901,0.6972903379408555,0.22195848726347409,0.7907956001445068,0.15839754286724678,0.49401238600291825,0.3862597614758006,0.6829978249640147,0.7196945638223716,0.35832514974677526,0.3255410157042511,0.12567519428945573
20,1,2.748446969696962,0.02076515151514924,0.27578125,-1.18625,0.8068428892596451,1.7296221896574746,1.2068220454580212,0.1469746152942757,0.19594020471187454,0.41211865151752547,0.6138516469991498,0.6861053567164633,0.7117541916197127,0.2700705403132927,0.2296101319419735,1,8,2.863250463858878,0.3451176355682478,0.7142708880301051,0.2119310071667307,0.7819665215198626,0.20415391860072368,0.4668464207670864,0.3672602363261008,0.6778338517648917,0.7718728495769277,0.36744381502183127,0.30458856797130873,-0.00594171888826036
22,1,2.7480454545454496,0.020363636363637028,0.27375,-1.18625,0.7970318987258833,1.7484215744267717,1.1748362839237547,0.1719882446471596,0.1981466746536751,0.4680318288312908,0.6296453615407082,0.7481009481032428,0.6953116288253096,0.27414478572035234,0.1971320205106218,1,7,2.8386921604945,0.4692229031976523,0.7032410544327267,0.25209400445499613,0.7167530870430192,0.2206273718957803,0.4595765923761239,0.3708895102533749,0.6884508867338086,0.7778381000167002,0.3737140956702022,0.2796625228249378,0.06654122580196127
21,1,2.7478636363636295,0.02018181818181697,0.27335937499999996,-1.18625,0.7927760860517149,1.7424766806070173,1.1858075919145754,0.15510260779550208,0.2150216101199777,0.3986840711335121,0.6270991107745635,0.6992100537284901,0.758948877668984,0.2970692749459159,0.2115367247701473,1,7,2.8066604031813425,0.3688890434226652,0.6491982413085101,0.24048140691711078,0.718056121600032,0.16928581870066906,0.4861126937105657,0.3138507566868812,0.6866016219153577,0.7045797962620927,0.35604684268013964,0.2863935896017984,0.09304087414918102
25,1,2.747439393939388,0.020060606060606112,0.28609375,-1.1775,0.7667563284658557,1.7558208894559308,1.136124874679506,0.21410889926437882,0.20232636105504562,0.430786431505335,0.6035407376939941,0.6838032742936913,0.7543892698585658,0.3059657905853975,0.23725375383614522,2,5,2.8417731244583635,0.35226592354189207,0.7144784542058996,0.1938055423473214,0.7788429325677352,0.16995745696687964,0.46222318024876147,0.34373668815020864,0.693773934964675,0.7064575793926283,0.34402746503526965,0.28713303018173625,0.006404801825963327
7,1,2.74740151515151,0.020022727272727803,0.28570312499999995,-1.1775,0.8087695773042861,1.713387442869388,1.1455266278274987,0.17229016586494503,0.2072914216980374,0.4666378644179785,0.614099725292833,0.7164392049138008,0.7376371023527121,0.24272797653920916,0.232027470289909,2,7,2.942379070071518,0.3853062560464259,0.6723068854640483,0.2509884471907898,0.7872172617268106,0.16409628467489268,0.43566495777921016,0.33814427723738055,0.6911216279540794,0.7568855197026741,0.35597187850150513,0.3407286042448952,0.08134770616273822
23,1,2.747363636363632,0.019984848484849937,0.28527343749999995,-1.1775,0.753487457220633,1.7137760372934492,1.1669246460952225,0.17800610873381403,0.19794736568596752,0.415611195317576,0.6388549892400278,0.6924506629818319,0.7469994357767824,0.3143504908742622,0.22387949039216476,2,7,2.870218209636339,0.4445220666601676,0.648920702801435,0.24952979153801985,0.7792680298338169,0.20369254111765436,0.48675593474793877,0.3418342918131925,0.6607650061065838,0.751914333728714,0.35124299037191387,0.29731431956257537,0.03786457846430162
8,1,2.747159090909086,0.01978030303030387,0.28453124999999996,-1.1775,0.7533180528813319,1.685164467534618,1.1574012651977899,0.19518217763772208,0.19549648587412807,0.43925405196026684,0.6421153286108101,0.7002142677689568,0.7353400178148194,0.29490253361517965,0.21363558728370785,2,5,2.9483577585192955,0.4300305569619277,0.6626754655900545,0.19583249678011178,0.7380459345295516,0.16853077351349705,0.4940288871365365,0.35876604561503594,0.6534473699012582,0.7681745123439485,0.3232490591822777,0.31974179839124645,0.10971501834600615
32,1,2.747106060606056,0.019727272727274148,0.284453125,-1.1775,0.8116951288555478,1.7320463238470312,1.1410788694125762,0.18276415145186095,0.21371647687465414,0.3961188536832093,0.6276270534699038,0.7298040293571344,0.7183861782600078,0.2916882521623665,0.26544301327284453,2,8,2.8535867259161263,0.37368560829702147,0.677774227368767,0.2192972357747736,0.77712164053962,0.21168967351265539,0.43228129393774706,0.3597237037066214,0.6219967210042341,0.7377432891114978,0.34351498010278847,0.2797054409294304,0.08183544501215863
24,1,2.7464924242424185,0.019113636363636388,0.2825390625,-1.1775,0.7521351443039559,1.6850622959028863,1.1767044637435498,0.18925502534973326,0.23601946753510983,0.4256483441247175,0.6210069216568734,0.7258225040795689,0.6959610005708831,0.2813695605117465,0.2332974994438149,2,8,2.8737545638745408,0.4133786247196651,0.7038870791123422,0.26142835449307966,0.7299631032525102,0.19939271050535196,0.46899979808719816,0.3674871971769006,0.6526494340162082,0.7421779544864289,0.3905294699821245,0.3326541953824657,0.015424935349673902
11,1,2.7464696969696925,0.01909090909091038,0.28246093749999995,-1.1775,0.7800470845059156,1.7447183528078363,1.1508422777531786,0.14914610097450798,0.21466700982063597,0.44221877605804044,0.6394448430842896,0.690564335596657,0.7104835830770302,0.2549618026778522,0.2073765565845907,2,7,2.8038832859789324,0.41320654031799475,0.7101098145386603,0.23292438205837604,0.7624538456444077,0.19056477926335472,0.4210631301883703,0.35041511142417897,0.6331685398926586,0.7161168629973043,0.3323816781103303,0.32602340914192907,0.0014186013831073846
16,1,2.7463030303030247,0.01892424242424262,0.28238281249999997,-1.1775,0.750823523763633,1.6966685615134023,1.1666498273921808,0.16061491499411193,0.23893776638632797,0.41457039337879337,0.6374696693316941,0.7369127766341159,0.7102669005039959,0.27044187881962434,0.25545286541583223,2,5,2.8016735437408973,0.35669390482456065,0.669037908101904,0.21582347906379912,0.7623229475661439,0.15262796775053927,0.47242056976287083,0.3453806568279324,0.6814594631880165,0.7006601456846231,0.38930632261334125,0.27203449630678683,0.00871016648430871
29,1,2.7462878787878737,0.018909090909091653,0.28179687499999995,-1.1775,0.7885045637630929,1.7256592743456995,1.1648085193509494,0.1415919740645129,0.20652615059346724,0.4283548731675589,0.6249921618115976,0.7259960150448559,0.6908102763225475,0.28399834607785646,0.2532232817531477,2,5,2.8067839036919042,0.3556690492634885,0.7074124570393725,0.20127296547026569,0.7905140392359998,0.2238204179917663,0.4753851431184046,0.35188859566507164,0.675615349685223,0.7037956438632925,0.37666029771775605,0.2739006667372594,0.03171804090195908
15,1,2.7460681818181767,0.018689393939394616,0.281015625,-1.1775,0.7573029658363277,1.7079004808104028,1.194505679054744,0.14966968209874393,0.2396478968623631,0.41911485984894137,0.6168302031097465,0.7238594318306373,0.7235542902709358,0.2897816645613123,0.2648542265743687,2,6,2.876453681110794,0.3466447681584433,0.703943574143725,0.260417403385669,0.7413461400465376,0.18131073740058357,0.49705984057969893,0.3804530077796705,0.6243681156199787,0.7069554184114374,0.3265052658407353,0.2841937827999712,0.12258781579742516
26,1,2.7459393939393886,0.0185606060606065,0.28078125,-1.1775,0.7916555861198911,1.6961155101198204,1.1449974370188651,0.19107071742365522,0.2342511523138076,0.45330819109511566,0.6160604427042393,0.742192047368619,0.7223391209528757,0.2606931738266401,0.23245528138008376,2,7,2.9135820541556083,0.35018925016623614,0.6634838761704944,0.21964753266406933,0.7371830032864484,0.14628101868072607,0.42507473669071055,0.3783501965031854,0.6853941330475339,0.766408604982856,0.3354316118307614,0.3378718083467989,0.11557879581221193
0,1,2.7458863636363597,0.018507575757577666,0.2802343749999999,-1.1775,0.8026937507965625,1.691022249176296,1.2046913997143431,0.18669841669231738,0.2334414643279226,0.4050746903256144,0.6660611069656587,0.700840412848777,0.7492487490793353,0.30565918460847763,0.19701805377337098,2,6,2.8320884073718946,0.41884722169726557,0.6947921668635687,0.20763040161875068,0.7857462779243639,0.22408834544592848,0.43627193189050734,0.3575608180365115,0.622533000362037,0.7018744859885767,0.3334648128054957,0.3387615649792304,0.05535241083957117
6,1,2.7447575757575735,0.017378787878791435,0.27671874999999996,-1.1775,0.7622629992284604,1.7313399013235353,1.1847527290877173,0.1677605584920767,0.24775052357793687,0.42691528429237996,0.6065722728866413,0.7527853522113871,0.7396302611922939,0.27216468667720267,0.1932679508172492,2,8,2.9182346670428134,0.3967976298560357,0.688163995264711,0.1930137919858838,0.7270728490076689,0.19433929812527517,0.4487675622978815,0.37943076259709235,0.6620900760277332,0.7210639999669518,0.33403350435450363,0.33010532681115273,0.08771665236863191
30,1,2.7440454545454505,0.016363636363637912,0.26312499999999994,-1.18625,0.7571637142484928,1.685464389014993,1.1477293321740527,0.2067226894163915,0.27400871192165205,0.41233481618940615,0.6402745554225304,0.6894210611925867,0.7267546789596985,0.27502217614205726,0.2594504257763106,1,8,2.821821145006964,0.3903572792444814,0.7088139905249419,0.19192771056611424,0.7572149751613594,0.21149126359546452,0.4597360334594513,0.3804700697506684,0.6668104973713653,0.7739248023705929,0.33806348683031934,0.33082733353525273,0.042621429334456076
19,1,2.742378787878784,0.0150000000000019,0.2698828125,-1.1775,0.7758398224036879,1.6993472439299533,1.1435974463704266,0.17629147626427374,0.2499927400854941,0.43756066057080517,0.610965345797468,0.696448314782558,0.7368659086167116,0.3157613996679076,0.2599840280181742,2,7,2.878871384231391,0.40368425440909816,0.6469959431848603,0.26219362503500915,0.7766380665471607,0.16868854970282945,0.44920846992267227,0.32963517322942626,0.668517842322426,0.7347571064213302,0.3858219145851676,0.28775945426462374,0.004867792734631601
28,1,2.7411893939393903,0.013810606060608244,0.26640624999999996,-1.1775,0.7817909556965545,1.7207353331680715,1.1457651055543066,0.15666101131327675,0.2569836169175488,0.408242213125087,0.6560406990310095,0.7014420004139738,0.7105944865999545,0.2602378987586717,0.20457290811252507,2,5,2.8588864858212,0.4747978395264791,0.706926158690906,0.25282362564254346,0.7292138451401701,0.15976345223762048,0.45918942929531087,0.35723758526610355,0.6832229283781771,0.7680930454387606,0.3841706193349107,0.2776231150729047,0.10653317386679119
14,1,2.739462121212116,0.01208333333333389,0.26191406249999993,-1.1775,0.8076764351675383,1.7036352707699471,1.1641155425043237,0.21811326703798978,0.26056880683986555,0.39622452378462736,0.6788138139484539,0.7071845719370516,0.746437891455364,0.2916820912748646,0.26548156128234285,2,6,2.921317819498495,0.3538712969583696,0.7032624071172588,0.19179459858377057,0.7249144825458388,0.1499254144458595,0.46902711957270277,0.3768599691412024,0.6909997983907341,0.7148268585081329,0.3191781230023686,0.3113340009244503,-0.016037885470930227
5,3,2.690492424242425,-0.036886363636357,0.29464843749999997,-1.17625,0.765988484857379,1.7517969165301726,1.1889972432326281,0.19510771901015042,0.19639121915647018,0.45612094913916573,0.6605617275197309,0.723407815514298,0.7313843779922664,0.2615043606302647,0.230029824675542,2,9,2.8410362997928935,0.45245257275145123,0.6845703178876468,0.21481927399626832,0.7331865671683501,0.19391368009001553,0.4615239155536711,0.3219125286649926,0.6168373844248609,0.7637516410896638,0.3769504228333603,0.2784002215122287,0.125586990482851
9,3,2.690340909090906,-0.03734090909090648,0.28132812499999993,-1.18625,0.7599247708989662,1.6982869125623696,1.1486978634483587,0.19039032922875765,0.21097053292142495,0.4705665133595024,0.6377306185045808,0.6815917197010964,0.7054682168101755,0.24517781167310937,0.2086930522050817,1,6,2.9384623377155714,0.4599372943762402,0.6563856125921457,0.21011438766026375,0.7504012629497285,0.19782983075004154,0.4667704931473556,0.3482640277902624,0.6462014286237006,0.762607213598329,0.3586558196873272,0.30839841438098314,0.09528370783646116
35,3,2.6899393939393947,-0.03743939393938733,0.292265625,-1.1775,0.7594498480832644,1.736333049832145,1.205634410312955,0.16962623704993998,0.20359600309638026,0.4001654650850225,0.6691325294390414,0.6815781909897202,0.7565779000975574,0.2551293667753141,0.2266730657929323,2,8,2.9108290012884486,0.3738369249200856,0.6466968653176748,0.25010492166996434,0.7725553330361292,0.21851176747170686,0.47289526692406325,0.37868551735001243,0.694845351897295,0.737549518666307,0.3665576037360841,0.2705908664377933,0.11895554156298922
1,3,2.689818181818185,-0.03756060606059686,0.2928125,-1.1775,0.755090242080813,1.738620121453961,1.1480852836540865,0.2115999996204775,0.23833854522630826,0.4684033097562764,0.6394672425530052,0.731095187117433,0.7452449922734155,0.24842447882768626,0.24150548175553177,2,5,2.909565519284091,0.36636775899854745,0.6475346534257439,0.2547478669098345,0.7337932170710605,0.2088575693418072,0.44005969323092947,0.3471773211286953,0.6199254089963362,0.7618392913548435,0.35374064770798325,0.2698891439251704,0.12149650340389188
18,3,2.6895075757575766,-0.03787121212120548,0.29312499999999997,-1.1775,0.7711898745449408,1.707008733636807,1.2145078888917833,0.21935901583949266,0.23698011411939252,0.44843271186466654,0.6067310122528884,0.719910235186745,0.6888091597766942,0.289686938528079,0.2565257296452619,2,6,2.892375147574595,0.3845575028856083,0.6739375565479995,0.21068323346059653,0.7783040727915151,0.20503326715740777,0.42012129636339846,0.33667480551516665,0.6450382814496936,0.7312738336993513,0.3959571822291924,0.27760936908730643,0.11065669667718266
17,3,2.6880530303030308,-0.0393257575757513,0.2856640625,-1.1775,0.744266098832906,1.6938164667342608,1.2102888950261002,0.14463799593944568,0.24539161828136533,0.40907256963863253,0.6512023758394773,0.7001984467996589,0.7490185502591917,0.2760884981227846,0.24341037124220252,2,9,2.914325965401288,0.4456189960427217,0.6891893862017537,0.26609705923727006,0.7583686674269442,0.16453146852378353,0.42457276586439335,0.3449852212679177,0.6283079490390635,0.7433265430247341,0.3194846643686225,0.3345426178956846,0.12782178176333925
12,3,2.685606060606062,-0.04177272727272019,0.2784375,-1.1775,0.813225987957755,1.746956064363098,1.1700340349630385,0.15999634033047033,0.26604063887747426,0.4241201452141335,0.6633245601213609,0.6764263668621525,0.7276802995478346,0.24628037328898003,0.22206875272559032,2,9,2.7970043293095435,0.3560060607196976,0.6752143366469227,0.25690159238110505,0.7628372996224809,0.21236103137275292,0.42564544108456703,0.3486051883179394,0.662597941485003,0.7310234908958384,0.34873573759117604,0.28962831782422993,0.08903387038899185
