i,objective,rank,avg,gap,head_mean,head_min,trust_gain_c,trust_loss_d,betrayal_pressure,deadlock_pressure,mutual_relief,volatility_gain,volatility_decay,repair_gain,repair_decay,grace_gain,grace_loss,endgame_rounds,coop_streak_gate,pressure_gate,trust_gate,bias,trust_weight,pressure_weight,volatility_weight,repair_weight,grace_weight,recent_coop_weight,recent_defect_weight,betrayal_weight,score_gap_weight,threshold
35,2.7061195075757567,1,2.766575757575757,0.03281818181818075,0.28953124999999996,-1.1900000000000002,0.7801858190458406,1.7246168884275865,1.1748924427810632,0.180797688553838,0.23121147203057318,0.43450873559305314,0.6421682740796023,0.7153906063676683,0.7256875269797665,0.2780477796316089,0.2292249113644653,2,7,2.869754918446463,0.4074974593899354,0.6786242772782297,0.22733389210748994,0.7553058609946508,0.1852464225867761,0.4581325082885922,0.34705742952711666,0.6565438346000667,0.7399935378068567,0.35745060342631607,0.30116350116227164,0.05531310668827597
20,2.705609659090908,1,2.767090909090908,0.042545454545452444,0.29765625,-1.2149999999999999,0.7074870637855548,1.7931006038694306,1.0977725498902493,0.22897807133105824,0.239558635123658,0.5632906295681211,0.7521481877929482,0.6557618637000648,0.7939827407935126,0.2619578388126862,0.2429884410981026,2,9,2.8244119880171104,0.5806387534711228,0.6645464817031992,0.28943240933222003,0.7784653884256972,0.2048923630315619,0.5045564417047828,0.34431410517388683,0.6139101799624668,0.838599252162114,0.30381184116825427,0.27589746788518293,-0.03220201149100522
64,2.705200757575757,1,2.762575757575757,0.03712121212121078,0.281875,-1.14,0.7715190651109342,1.7702338544323741,1.1995507343749203,0.1709678473260205,0.1597783585383307,0.504413144804529,0.6997575816822524,0.7262059055914432,0.767066122991066,0.37872336669031065,0.20070021015396577,2,8,2.7047545203322225,0.4423276347135765,0.5886391654116355,0.2823240461804032,0.6769526591775371,0.1324632570011487,0.511025640042287,0.2690904273564201,0.6736843753409679,0.782279761349305,0.3114067157860151,0.3201468084531044,-0.060858822751170376
75,2.700400757575757,1,2.755575757575757,0.029696969696968445,0.296875,-1.135,0.6278863857371914,1.824587853849772,1.191298542843475,0.19517534629446426,0.2887465636243139,0.496221265726937,0.659280326378304,0.6657717085407229,0.6692821346056601,0.3093852883264565,0.2398883511792928,2,8,2.8129660923157713,0.4132316921687376,0.7279020929107566,0.32562594448023496,0.69649193788577,0.2576661789583535,0.4154375331608714,0.41724013862516973,0.7011065584406222,0.8417188618240175,0.2807082811461847,0.3249154996343426,-0.08582380975287754
56,2.6997676136363618,1,2.7526363636363618,0.02421212121211891,0.2860937499999999,-1.09,0.7361540948155146,1.8391173049581313,1.1399458587131774,0.11906182967857186,0.1732163584509441,0.48218019905966647,0.6898756274097136,0.7724724561011395,0.694832088567472,0.39099126902049886,0.20532775243581647,2,6,2.6757852143598453,0.5765550823297172,0.7058967038347639,0.23657167475346053,0.7172507093809699,0.24340571741205608,0.49548668791843364,0.4263236239241718,0.5651735906754993,0.7974838370399037,0.32765115838887265,0.2283440471200025,0.06226063364967883
69,2.699339393939391,1,2.759939393939391,0.031242424242420075,0.265,-1.155,0.7495805235733546,1.7952858711988124,1.1221415692402856,0.10572715479448258,0.21712239892263607,0.47467460836262765,0.6239896007684456,0.7115077224292758,0.7376551004312049,0.3446613703230692,0.1979937474468104,1,8,2.769740167633897,0.4775416674417772,0.6465303051271406,0.3757820535843017,0.6912082893780803,0.1649527750474883,0.531338483541852,0.309373843342105,0.5625915031659712,0.817356522662245,0.2470343864766537,0.2113129628782477,0.027351246946855708
59,2.6990395833333305,1,2.7543333333333306,0.025939393939391042,0.26921874999999995,-1.095,0.7314110604205305,1.693078489369484,1.1027729526110714,0.12624616585328519,0.16635551536530277,0.46195678615415353,0.6922284058596346,0.7330916816380937,0.7970581092811244,0.37385318311575155,0.2896339641970176,1,8,2.823944086645995,0.46176304297631177,0.621642738866343,0.21725451586364264,0.6810772056204556,0.1195196094106511,0.4547788619022774,0.3198067448999455,0.6974971958101929,0.8109263917479743,0.2509061460698857,0.3095236825848936,0.0789596360579633
55,2.6985948863636353,1,2.759363636363635,0.025636363636361903,0.27359375,-1.17,0.7725554714316832,1.7591573379610208,1.0962315872848796,0.11269373660016635,0.18259726969839168,0.5070766900163801,0.6270121096872197,0.7488917723054078,0.7150029193254163,0.2725173723377378,0.2772329403765291,2,8,2.660821393797846,0.3807661172133787,0.7165301094576069,0.32138832921939003,0.682375717123859,0.17497229066497805,0.4840308057743384,0.3500329179740063,0.6975667126585114,0.7189205298259781,0.2635508588331015,0.19782288320965508,-0.08930154967711282
21,2.6976547348484825,1,2.7628484848484827,0.023727272727270154,0.2867187499999999,-1.2449999999999999,0.7120308216328548,1.7702018711291572,1.1462251599553295,0.21961943851226567,0.20837694046054112,0.4551332205902065,0.6638840425410122,0.7348504194002495,0.735736755139144,0.3211702765187731,0.2175529982444025,2,6,2.87673394309087,0.5025211833253576,0.6054916104691241,0.2781761294642701,0.6953533360568049,0.21332587776281278,0.3880373591732242,0.4174468495561017,0.7037460326205285,0.8302716148220649,0.370084193212433,0.29954802681591075,0.0189932842632198
4,2.6968032196969656,1,2.762696969696966,0.02257575757575392,0.27421874999999996,-1.235,0.7157241144547827,1.7464254535765253,1.0561917610730265,0.19561742768870125,0.18041437466321003,0.5821728776815388,0.6141804405433153,0.7802574411399984,0.6802414686385507,0.36857973406000544,0.26919124074551637,1,9,2.7352080603941733,0.42766930219079113,0.7146425400180002,0.34037723236539746,0.7202171802961027,0.2382929720369092,0.43108610976799716,0.3531972881113643,0.6084798907188219,0.7284495966730328,0.2560362751015146,0.26652220997124454,0.003309740688662084
36,2.6965587121212113,1,2.760121212121211,0.02945454545454318,0.28031249999999996,-1.215,0.7084907800176179,1.7143390698501368,1.083180069974555,0.20003362249474022,0.23687390882886267,0.45909728302659686,0.7421986523629578,0.6858443587570484,0.73247675238864,0.283492365933975,0.2812071357697119,2,7,2.7016212989465513,0.37266767701708303,0.627985764517153,0.2540047007620906,0.731989021738954,0.20329573298218706,0.5088237522108241,0.3815953605644342,0.5577530250133785,0.8075759167111715,0.3650189677750836,0.17894132558837816,0.04913219775546008
25,2.6965013257575747,1,2.7527575757575744,0.02436363636363481,0.28453124999999996,-1.1300000000000001,0.6898203785422742,1.760103146843093,1.180156108375115,0.1231961468032481,0.19081861985527238,0.5397411965202087,0.7218385916579991,0.6598163366288174,0.6689232069996294,0.3431249001987351,0.21022353123296778,2,8,2.663791186143188,0.3832420507720508,0.5964328901381746,0.22996942686263733,0.6840898617303981,0.2354836909929594,0.476871649865934,0.33936955048691336,0.6713065777206073,0.8612431791336266,0.3436890397057243,0.2385729347938877,-0.07787366863122963
68,2.694628219696969,1,2.7526969696969688,0.020363636363634807,0.29609375,-1.17,0.7221087438963789,1.835974950501218,1.097805209438773,0.14470455527404932,0.17555713923048624,0.5398772866601599,0.7545670977609924,0.6642264133811261,0.6662246057830103,0.32585341980616783,0.2284824414062046,2,8,2.732344576135699,0.37164154295619234,0.7044064018078791,0.2636348877850306,0.7381109825746669,0.19228905316631317,0.4331438226021933,0.3412991442371102,0.6957693624209769,0.8289283069120016,0.34749704510269813,0.329809168706462,0.001989431847593641
67,2.694264393939393,1,2.758939393939393,0.024030303030301958,0.2743749999999999,-1.22,0.651885373055888,1.7016854922205913,1.0849453997671759,0.13434378789684548,0.16749418672572197,0.48527499708148597,0.606695586268833,0.641503942101734,0.7565828484627355,0.3399405634061112,0.16786149629395652,2,9,2.693928604566422,0.432050872610393,0.6068601697751985,0.22800712366967732,0.8230549258617752,0.1998330301153977,0.4415995731259561,0.42326422980593936,0.5910887952554437,0.8157869565149808,0.2455936719547408,0.2526155374714573,-0.03663818414221708
7,2.6920003787878786,1,2.7557878787878787,0.026333333333333098,0.2684375,-1.1999999999999997,0.7220615691008064,1.8354302099629334,1.107328129653671,0.18738381271066226,0.2648001430392687,0.4857673136625851,0.6776228384287847,0.7943313303834764,0.7941321547317047,0.3120590599788076,0.18478809387288805,2,8,2.8370285058414586,0.4003828191551175,0.7279770640829516,0.2779649192157155,0.802600130228093,0.2392450716289608,0.4321816125904021,0.31008667649907795,0.7023524112344726,0.8463320378711586,0.28957269087662363,0.1833004770394359,-0.029398240670811933
23,2.688861174242423,1,2.751242424242423,0.020121212121209986,0.28015625,-1.2,0.7493837307440718,1.7579185858718553,1.1593621301808845,0.16913955458517851,0.19846748486492877,0.5860080685232878,0.6846895976296181,0.7113046238737147,0.667906165874096,0.38102350615388886,0.29078513498160985,2,8,2.653625402878766,0.45724114602707083,0.6350771401820349,0.23090500772988665,0.7259961971094736,0.17879980299766995,0.38999236681509714,0.3818008502242798,0.6108733615402431,0.7605695171040434,0.2674783774960345,0.2842945700123855,0.06637274401050491
37,2.688460984848483,1,2.756848484848483,0.01887878787878483,0.26343749999999994,-1.25,0.7787443752547555,1.8039430481535774,1.106633227662717,0.1108505190449737,0.2558503877800845,0.5598297098392985,0.7586931095602725,0.771998048907209,0.7599068315209674,0.3009312686743815,0.24426025523196898,2,7,2.783600578782869,0.42179615632989165,0.645465944720643,0.32900726711025213,0.7818175310078229,0.25032087849869133,0.4498183562177502,0.34910437139557965,0.6131846422593659,0.7824808446076728,0.3132247410098624,0.2755619251976905,-0.06578815211244182
52,2.6880136363636344,1,2.746363636363635,0.011333333333330753,0.3037499999999999,-1.185,0.6752021520519373,1.7071636251211457,1.1286873889037579,0.23062611992873766,0.16050755867819783,0.47403177949828346,0.6661752355224568,0.7456765468903577,0.7436721757210121,0.31877013572637813,0.16377382568071502,2,6,2.772133074675189,0.3646055818210846,0.7229261518457055,0.37606438574378753,0.7549192845207461,0.20238503721672857,0.4550763914908137,0.28798751231665676,0.596877858971351,0.7630583636066283,0.29581578735210073,0.2721107745985777,0.0335790025167771
3,2.6873092803030274,1,2.7573030303030275,0.029424242424238578,0.28671875,-1.3050000000000002,0.6504718683814499,1.7659948029800652,1.112959426354945,0.1676513695232032,0.1558213304428191,0.5010784514956199,0.6072624054398088,0.7689242207451433,0.7667986184062121,0.4143255386074407,0.2516159485659091,1,6,2.7904983115152273,0.4766668668801691,0.6815754035310613,0.2300498818888668,0.8172227111689582,0.231902529363395,0.4325214110086965,0.35506326482558953,0.6560589001171675,0.7139808997876026,0.2809412741910696,0.3251575748449692,-0.09248652248975944
48,2.686269318181818,1,2.757181818181818,0.02648484848484678,0.2590624999999999,-1.275,0.7772781436146934,1.7871671767231911,1.2039074384885533,0.21728977531555502,0.23846239720511697,0.48545392474301213,0.7149148790865786,0.7807409478287193,0.6722420719003342,0.3967849266952968,0.30661201176084985,2,7,2.8563275395093464,0.4462788732680509,0.6694701940068242,0.3357362592601492,0.7658409133908062,0.1903209804889566,0.3998607122688986,0.41216269848376147,0.680210446802606,0.7892450997997547,0.2937367291528294,0.19451212191771217,0.045966864078476534
49,2.68523143939394,1,2.7523939393939396,0.021999999999999797,0.2803125,-1.2600000000000002,0.7513836942622009,1.8234303275541697,1.1259692904083938,0.13908984154735762,0.17689569304002872,0.4460008934266939,0.6400178060332631,0.7346638191621144,0.7695046645742831,0.4023971467233447,0.2925032254351387,2,10,2.8155883847914764,0.4029566642020577,0.6484376086399941,0.3709448053698623,0.7390055922226132,0.22694370939608155,0.4929870909314944,0.3989988107603538,0.6500510730900229,0.8298343738790801,0.38216691879784126,0.24488171352124277,-0.05083154450542581
12,2.680296969696967,1,2.751696969696967,0.015878787878784273,0.27499999999999997,-1.3050000000000002,0.7155476749956109,1.7425878916457516,1.2097723339940714,0.17335334036784225,0.1610121370129416,0.45033962484222123,0.7208963366761995,0.7871223875384806,0.6773606077733092,0.3351947024689576,0.28807713847074945,1,8,2.7672873424671995,0.42349157964729,0.6025867516615226,0.3666438264551586,0.690542311393404,0.23733707744263394,0.4926095591512403,0.3624617080121459,0.6064222778455454,0.7225622756191615,0.33634722466987504,0.32571111949954445,-0.05726280300976685
79,2.6798895833333325,1,2.7433333333333323,0.00957575757575535,0.25796874999999997,-1.1800000000000002,0.7298804159154648,1.7009764015478117,1.08853676812434,0.18733290820554033,0.19180308702545876,0.5274125532906484,0.7337785137378745,0.7816798535689464,0.8077438804083859,0.36547050789910696,0.15822652521281716,2,8,2.8097455160361298,0.527988521276196,0.5865188333800082,0.2636288494109497,0.6780165469857669,0.12841650251567827,0.5272158097634916,0.39909229864220225,0.6965856824441619,0.7767309513998338,0.26344712412602495,0.28190816043044975,-0.09292247134228449
74,2.6786056818181794,1,2.7478181818181793,0.014848484848481114,0.25656249999999997,-1.25,0.682494039703929,1.7319234138522421,1.0525338142162413,0.1348728949381484,0.1983534075648512,0.46281948803443707,0.6110528583031982,0.7774740110386275,0.7930768189637193,0.3727666526870557,0.1729376897104726,1,6,2.7444437535128277,0.5225727232882982,0.7058844014502806,0.3048206749711972,0.8009711844616472,0.1310216455620325,0.4114529029674446,0.40256665338982056,0.6568748716043582,0.8241936519975515,0.32668030681884647,0.2911969934722222,0.038474165317333144
53,2.678069318181816,1,2.7511818181818155,0.023090909090905942,0.2740625,-1.325,0.7689725717171605,1.7145697077675905,1.1448244767983138,0.24998908796956254,0.19354098057381425,0.45510009218833913,0.6471560339883066,0.739953056694286,0.6655823101837726,0.3156769068563833,0.2332604720622373,1,7,2.7576904500770976,0.568957126971049,0.6269476531405084,0.2737355207193652,0.725354019553342,0.19257771820017783,0.43038522202008667,0.3633505531060902,0.6717955821061614,0.7278563099327572,0.33702799247338533,0.31695209440420874,-0.057636035099624915
0,2.677923484848484,1,2.744848484848484,0.012212121212119786,0.2656249999999999,-1.2349999999999999,0.6342481758161511,1.694123868403621,1.1175436821872637,0.11107603759015025,0.2983888204722711,0.43416858657637153,0.6896933264054282,0.6942536317615488,0.793537859028699,0.28712398347551515,0.20408766513748408,2,10,2.7011172046042264,0.3545909328590135,0.6382511269464349,0.23080315996006767,0.7692419143180785,0.11576531383346919,0.4226014357977381,0.33934147332911097,0.6993077843655199,0.7241613298205593,0.25209601030904016,0.29864649509740826,-0.09531736604392257
13,2.6776490530303,1,2.7390303030303,0.0012121212121178893,0.26515625,-1.165,0.6460535154012832,1.7562002657887605,1.188602156485049,0.0946944476100993,0.28041039177372606,0.44187305786874903,0.6090675760257379,0.6645274696596538,0.7304210086267058,0.4114916056909812,0.25594190107711046,1,6,2.6786853916334863,0.4649103019184413,0.5828929761790391,0.32372093745372116,0.7310552664998464,0.25755730817320155,0.503280085311829,0.39831515661137296,0.5920652856588067,0.7783271362026422,0.3368017612712461,0.1865394908944102,-0.09812404743870673
57,2.6775837121212094,1,2.7491212121212096,0.018212121212118237,0.26718749999999997,-1.295,0.7465196306764376,1.7504308230864662,1.1362708060955826,0.16651227470580096,0.1625570356917339,0.4385398341661723,0.6304927551730981,0.7786528456102744,0.7802795374914349,0.4054341417929658,0.1836162114188465,1,8,2.786494919638922,0.450382391756279,0.6931842752896177,0.35984869359427374,0.7510778147844713,0.26191184861680106,0.39335568213846744,0.3453404467487924,0.7083158130999814,0.7270617036749162,0.3761618020324682,0.2283423094627705,-0.05173666393817792
47,2.675306060606059,1,2.747606060606059,0.013545454545452085,0.2575,-1.2899999999999998,0.7507591497324616,1.7963337870523817,1.090157341940942,0.24919994568703685,0.22493578076747242,0.42808282416627225,0.6102775148690682,0.6880177765413822,0.8123017124481365,0.40162139097260463,0.21786086366116275,1,7,2.82590431879995,0.553371374612465,0.571987178314365,0.3051240786025115,0.69329457093008,0.13307670441940433,0.49773158232686693,0.4042419174145039,0.7011761116139904,0.8433798364560599,0.23037753917886067,0.3129121708607615,-0.0422844859050261
46,2.675145643939393,1,2.7429393939393933,0.012545454545453527,0.29171874999999997,-1.2850000000000001,0.6616123750090055,1.754049058496143,1.1390162017623415,0.16696485517797865,0.18778609036860977,0.5676291789654607,0.630854162565517,0.7794553521705893,0.7052988068278213,0.3117492848955331,0.19545763202586497,2,8,2.8395832499927143,0.4545129480106225,0.6852008128070024,0.28860666189223927,0.6990359357220979,0.15097793373079121,0.4708854172111834,0.40498927045367433,0.5899522302547191,0.7790526032045347,0.359560691183309,0.22218912027765902,0.08432077117023934
63,2.6734624999999967,1,2.7449999999999966,0.013030303030298729,0.2571875,-1.2799999999999998,0.6630396299741187,1.8221707097101452,1.058913143900833,0.19019015653904045,0.23687921474111462,0.4488492735179375,0.7113946760800314,0.7041477409418799,0.7518985395732134,0.35958236758720585,0.2295622142218246,1,6,2.7563720665677445,0.44295686842991044,0.6955285825056844,0.255345354358035,0.7849304418019604,0.21049128810349002,0.49290998001559894,0.40025173914973927,0.6131055542603122,0.8072794125469812,0.2388571100959977,0.17506672802889478,0.11098418282322017
14,2.6715490530303017,1,2.7330303030303016,0.0038484848484823253,0.29765625,-1.215,0.6782511097969466,1.7442878521975933,1.1782877722226412,0.22418835160264372,0.163469821605404,0.43840047192755716,0.7518654194241482,0.6871928761435427,0.6772223064428993,0.3883977941789681,0.27573108240519933,2,8,2.8766402487505287,0.48743335760070955,0.6277447507425411,0.23762516543209927,0.7403245951385625,0.10990050598460885,0.4184206177380744,0.3177657704093837,0.689107894180401,0.8373945512124805,0.3103659910169263,0.17269882027459624,-0.029821614922729285
61,2.6715011363636356,1,2.7363636363636354,0.00033333333333196435,0.24281249999999996,-1.175,0.7297609454566305,1.6905636056511075,1.1817736689189537,0.16230936650380187,0.20057527283625867,0.4299312453457696,0.7133711022475753,0.6721578285391949,0.7120440529205186,0.40885741699076233,0.1936269321550967,2,8,2.7810387348064816,0.4552391018730991,0.6429887133182041,0.29968684029209514,0.676466535379976,0.17233159788184166,0.38009150383865586,0.37460492073252516,0.5949481580451241,0.7348340274510946,0.28415704028053623,0.19334543307290925,-0.06689976050274915
77,2.6702509469696953,1,2.7359696969696956,0.007484848484846651,0.28234375,-1.2449999999999999,0.6826532794341605,1.7751619218793044,1.180069926041167,0.24925254061593932,0.27750320837085096,0.5107687300214925,0.7023075375404303,0.7024612084985216,0.7798147806607876,0.39354603441730024,0.15546806479924263,2,10,2.832253346404942,0.45720737925521837,0.72356436591159,0.29507240091383874,0.6751730388186858,0.2134475942584442,0.43449187696341274,0.37084159045496673,0.5904862326266501,0.8302543629123903,0.30044810657346027,0.29713434541988687,-0.05669555806400119
76,2.668477083333333,3,2.730333333333333,-0.005393939393940617,0.28453125,-1.2,0.701532147838086,1.7206889908151066,1.0546004065764631,0.10395098631179597,0.16801970650961454,0.4561427976519642,0.7101803188074882,0.7589244207894131,0.7905713690277403,0.32563064409657166,0.24772777875898105,2,6,2.7195080595934837,0.48345810732641337,0.6952494659294526,0.3461887006505431,0.7782638061574824,0.12684758083749692,0.5049125978878136,0.40629365696496755,0.6813109369455549,0.8473037644947105,0.3618599176983452,0.19314668768744034,0.10057261789357408
27,2.6684484848484833,1,2.7388484848484835,0.011757575757574745,0.27999999999999997,-1.3,0.7715675171286593,1.706199662656886,1.1265529614571435,0.22006751685860032,0.2303618567038091,0.4995722746305965,0.7331000028739199,0.6842498267149422,0.772352345128898,0.3085274057647285,0.25434159145361573,2,6,2.859830748092791,0.500739201925377,0.6199833471302617,0.3073817182681572,0.7716569135084062,0.12527572274344967,0.49600544552774634,0.293372022371486,0.6210427894415188,0.7907963433734724,0.337680741987126,0.21586869418072419,-0.04399875665376903
18,2.667429545454544,1,2.735454545454544,0.00999999999999801,0.28312499999999996,-1.275,0.6755231955139709,1.7757654277403394,1.177870810830368,0.147958894858677,0.1578227358379154,0.4513066420546936,0.6494826005232609,0.7948897454757264,0.7255201392354574,0.34117703960820056,0.21776853269584448,2,7,2.8021355670373613,0.486161121231991,0.7120492231927981,0.22682195541498149,0.7661524703811297,0.1349561264142021,0.46322304189293473,0.3983579177257706,0.6238883270100845,0.7948867949654154,0.28776841143728,0.32340856160990433,0.10656441861758317
8,2.665538825757575,2,2.732757575757575,-0.00039393939394205546,0.25984375000000004,-1.23,0.7711840285794926,1.7606267328250438,1.1492572394969869,0.1026298521273387,0.2150906167378472,0.5218190310950496,0.6516632581809352,0.7155896975697641,0.7796992303923661,0.37459264715563667,0.18896056191114882,2,8,2.8440819210544017,0.4892539609781285,0.623495539934651,0.36859112646397146,0.7465037915251205,0.19657837113554857,0.5198122227876439,0.3215585310970004,0.562246976587064,0.7290532980145361,0.2978471975548323,0.25166831329078976,-0.06876054603483364
2,2.646635984848482,3,2.7048484848484824,-0.022969696969699083,0.27156249999999993,-1.135,0.7571004295094129,1.8263573458982767,1.1576768651841727,0.1210643020273453,0.20810358444667298,0.4906549291314084,0.6156275244997899,0.7141847312322326,0.748910962321685,0.31535497588957345,0.18038289913249222,1,10,2.729521683361105,0.5692658934353239,0.7280554108699915,0.2817000163316697,0.7537872206979553,0.236439536425058,0.3816842072262774,0.31364237151121266,0.6336087183466663,0.8315890090765842,0.3445953225991406,0.2593022172114986,0.13494790124319145
70,2.6461589015151525,3,2.704515151515152,-0.02330303030303016,0.29703124999999997,-1.175,0.6419053304699888,1.7774983021001378,1.133027566745619,0.20741870128466106,0.30020571891106224,0.4605930009183783,0.6779709441823623,0.654868358447944,0.7084772802278205,0.2791726245409317,0.16903876592089156,2,8,2.8602082409414633,0.3723206029717639,0.6057851828065877,0.33193016119330554,0.7915459914193349,0.22339056126906903,0.4920434317442141,0.3107004422483055,0.6929919940380457,0.7400815106736731,0.24081097609032098,0.25179148778686206,0.10005098315303684
34,2.644503977272727,3,2.696272727272727,-0.028757575757577314,0.29859375,-1.095,0.634535067240517,1.6838304710849772,1.0737091896670086,0.13718239676659214,0.23284190888393186,0.5352198472750356,0.7084336696787286,0.6665727613491451,0.7421144000631531,0.28927051184980057,0.19437442811683223,2,9,2.7561370074591927,0.44579203617206453,0.6355479221788001,0.37257243908561244,0.7846664618508598,0.15659331865515436,0.39374762041266037,0.3047600036008138,0.6774819932381624,0.8692627339892108,0.277696125092123,0.18699985837524324,-0.012469124340167427
16,2.6430039772727256,3,2.7042727272727256,-0.0236666666666685,0.27609374999999997,-1.18,0.7226209247081218,1.723446054339952,1.1952270947960415,0.10561874064959317,0.1632819648888904,0.4688401709226986,0.6247155883704087,0.706821628444631,0.7565765231408869,0.34468512193539225,0.23872765821276262,1,10,2.7706623281047698,0.5882286812383453,0.62121329482138,0.3446645871746685,0.7757037593451059,0.2265145179640214,0.47739959608413235,0.3379312475261048,0.5920403294569859,0.7242900426793176,0.24746724889006344,0.18838319399392017,0.08374998544480244
62,2.6390539772727264,3,2.6982727272727267,-0.03706060606060735,0.29984374999999996,-1.19,0.7246039977501103,1.7296562397112845,1.2094204638521455,0.15998963637936442,0.2387148595242572,0.5586894158762843,0.6928433424520771,0.7759178247817013,0.7397853435502058,0.3187279148064128,0.28826817614225037,2,6,2.8202265120382277,0.5850546453157798,0.6766028811875835,0.24475217619975265,0.8035187372170917,0.11159890999448195,0.4750284621868957,0.27839708866315127,0.5744764466297819,0.7450647705923548,0.30212075819817347,0.18742689096537096,0.12080413669584061
78,2.6378668560606067,3,2.7040606060606067,-0.027666666666667616,0.29171874999999997,-1.2650000000000001,0.7204995872372701,1.8089534450827278,1.1543802896533912,0.19972299108166763,0.28049397991100117,0.4695650180858523,0.7610608050153364,0.644562757572455,0.7750599928698222,0.27667278916160976,0.2632711200758683,2,8,2.854076925569525,0.3607982530304997,0.6696387900328563,0.3414140389388906,0.7576357371734326,0.1735725461962822,0.40191742103356903,0.27493150153953505,0.5759676923771488,0.7447395220826207,0.3449103529077087,0.19751573313616982,0.023061847626205133
32,2.6374803030303027,3,2.6960303030303026,-0.032939393939395156,0.29874999999999996,-1.1800000000000002,0.6793326604643463,1.7507424456972387,1.172138628649749,0.1686870643686032,0.20258154021973115,0.5395154630974047,0.6806738114019432,0.6972276603869758,0.7933865181536933,0.298503572126538,0.20747909479904283,2,8,2.780077424279423,0.37633423376947095,0.5699177441853553,0.3309730981287409,0.7334958649810311,0.1766185715382505,0.43411187521574635,0.2961516522506148,0.5831541336105357,0.8173518301576839,0.26246592817250114,0.2447336574123054,-0.06594017940425215
22,2.636988257575755,3,2.698575757575755,-0.03612121212121622,0.29343749999999996,-1.21,0.676318551103803,1.776929415954148,1.1874528329661589,0.21951158382634883,0.2978879648936137,0.5318388288751672,0.6466879824622185,0.7492768920451265,0.6854368751507735,0.27791626223468285,0.2641746715629476,1,10,2.766063506566481,0.5399022417873947,0.6274893809686832,0.22326820572412392,0.6971732247686828,0.20843255512147013,0.48180199202095497,0.3315158157734303,0.6839243836093282,0.8327416352669746,0.37027102709701626,0.2536160026083153,0.056552322987044885
19,2.636338446969696,3,2.6979696969696962,-0.029848484848486123,0.29640625,-1.2149999999999999,0.6402205363933067,1.6870110770680005,1.1379743134186477,0.14367741658271121,0.1591946458647642,0.536097175510926,0.6288906453086268,0.7441137935244156,0.672981853701334,0.37580609845299795,0.28412504184029413,2,9,2.7345188127792333,0.513047940165592,0.6713145122950703,0.28153767764837845,0.742207578323932,0.21343544944755155,0.3860977051566901,0.30216879944829533,0.6594862439609698,0.8123535656108124,0.35447711403885485,0.2780469649693124,-0.027942950515763447
29,2.635599621212118,3,2.6982121212121184,-0.025454545454549393,0.2815625,-1.205,0.7745835468983037,1.8030365383279439,1.1501630323592986,0.09796380650533068,0.1795509094587476,0.48135015024405714,0.7104305979994971,0.6669056796161966,0.6635261133954105,0.3005181603237237,0.20572174632778822,1,7,2.8613471592606867,0.45862065674074,0.5835675944789539,0.3057868707802097,0.6817419539294828,0.20971640825873222,0.47684231744339944,0.33392200062148236,0.5793676622303873,0.8168233371997594,0.2566802742588105,0.29460837366085746,0.039242156364904364
40,2.6348867424242424,3,2.694424242424242,-0.0410000000000017,0.28718749999999993,-1.175,0.6349933842389824,1.6902035545622298,1.1669143521306937,0.10910962348883889,0.20792681983115066,0.45852623626192435,0.6447826257024308,0.6714586882033321,0.6966121895856382,0.26526034638720575,0.1613349080005544,2,8,2.72137751964496,0.3872855601197728,0.5948115240491638,0.3693610287020128,0.7923275241131494,0.19752727121628336,0.47937357950739934,0.305668496850687,0.6220961612512119,0.7831394694551925,0.3349658292542,0.22839824168128045,0.10840689852283011
66,2.6335013257575755,3,2.6947575757575755,-0.03160606060606108,0.2895312499999999,-1.2000000000000002,0.752954597917687,1.7936368692550435,1.212050351922964,0.2507030427419489,0.20196637880783788,0.5518249321761903,0.6204043140920473,0.739817081186199,0.7958595530530876,0.38373363003634003,0.19488175191637225,2,6,2.7563525805364906,0.5903183369023519,0.6566619228569587,0.3711089502360939,0.6967917372336281,0.17002943218177882,0.3810693665184708,0.2739082210403161,0.6977806234421216,0.7758819668968273,0.24316094075004183,0.27196401459457104,0.13192453686911265
26,2.6303325757575755,3,2.6937575757575756,-0.0445757575757586,0.29812500000000003,-1.2400000000000002,0.6737299607309006,1.7613741113803134,1.1126128051772204,0.22890809255455735,0.20737004774258191,0.48393196529663496,0.6571993179160246,0.670770700839392,0.6615180917353544,0.3242717645674792,0.2015490406982538,2,8,2.7181366872272394,0.42308481690831207,0.6196136388570899,0.29225517974936804,0.7098485491218485,0.22524124101837592,0.3776415352797912,0.34295531097218485,0.5793588383235809,0.7621470880936657,0.3413867571762399,0.26153309715943013,0.10330111276749707
33,2.629972159090907,3,2.693090909090907,-0.03406060606060857,0.27734374999999994,-1.205,0.7503557796135634,1.7679185414589056,1.1702751503155944,0.16237356696975452,0.21461272113154653,0.46940393267220504,0.6955871288145014,0.7748471039314605,0.8127661943090987,0.32485791191694524,0.2625261723032238,1,10,2.8633390477285827,0.5902916407157974,0.6045200834888074,0.3124339827985406,0.6983885517402352,0.200435975923405,0.44329717348620123,0.3817312828296996,0.6056955198821227,0.8231220064150584,0.3337625589664613,0.2261187545563402,0.13536975995403688
60,2.6291359848484848,3,2.6918484848484847,-0.04278787878787993,0.2940625,-1.225,0.6502222499920852,1.7709631620050985,1.1099564194411948,0.23594793587443424,0.2367012783384309,0.458771948934528,0.7021932487007626,0.7766305262843192,0.7361273771670456,0.40707864827510704,0.23600838014143008,2,8,2.675957915239647,0.5409884474456997,0.6119587227771127,0.34908583453807074,0.833126312414927,0.11236936553068065,0.39174413681700665,0.3668737067603385,0.6837639727517045,0.7177840001724486,0.35272484182008335,0.19280802520208293,0.055902419715546
45,2.6289272727272714,3,2.6937272727272714,-0.03860606060606253,0.29999999999999993,-1.2600000000000002,0.6480777339654685,1.8219425668810085,1.0745871030985126,0.20122461664683783,0.22796895563638958,0.5811939067990765,0.7416576526848645,0.6849684306880037,0.7854960625780617,0.27520039253418815,0.24809879594945006,2,8,2.6751333747818618,0.576807509400705,0.6383707147517887,0.22942396137115298,0.8200453856455467,0.24443804423201504,0.4920901236967954,0.40953030492358367,0.617377536018077,0.7773701388448315,0.36032348083182225,0.17781770247212755,0.10676598596021436
30,2.628546590909091,3,2.690909090909091,-0.04354545454545544,0.29031250000000003,-1.2150000000000003,0.7439341036031408,1.833307270767386,1.1508624368852252,0.1435901204924636,0.22329664767161067,0.5242263336788708,0.7502091724280102,0.6640955505300056,0.6938163334161797,0.3806191206150349,0.27663065663270675,2,10,2.783288761920859,0.5806787597411169,0.6000216833787654,0.30149441563685825,0.7108088979237253,0.24797043623072734,0.39112032994847956,0.3160339371158475,0.5827986730289358,0.7119287482429119,0.3443898755604716,0.27256232835517674,0.060017149134329935
65,2.6250893939393927,3,2.6899393939393925,-0.04021212121212292,0.27625,-1.225,0.7269572551876922,1.7430993096451264,1.1939848311734358,0.15241644814318883,0.2526158423315107,0.5655593418667864,0.6892861401366432,0.6991102807383648,0.7107824356269156,0.3760788702434489,0.19718523069707036,2,9,2.7188235541412458,0.42013395375544993,0.6900091324284537,0.27779040012140327,0.7051137125647055,0.19474259367812602,0.4672733585894994,0.2723281364723952,0.7117812390093583,0.8585341673802642,0.36073140391943764,0.3024418949908843,0.08630930668313666
24,2.6223479166666643,3,2.6826666666666643,-0.0521212121212149,0.26734374999999994,-1.1549999999999998,0.773343195269203,1.7563507539137486,1.1753679750325408,0.1880193753366325,0.20878147535702396,0.4654339725063577,0.6334456766932852,0.7456414831285297,0.6895772707687543,0.3699253298984353,0.2251563607632724,1,8,2.869332342595983,0.5771831249470134,0.6115138746882475,0.3664118121677167,0.7607288164753442,0.2124476633542695,0.4274868917324862,0.3948158034502364,0.5733401441021037,0.7298850605153724,0.3120831451039941,0.26822626396902544,0.02328489572936556
44,2.6208954545454533,3,2.6845454545454532,-0.04142424242424392,0.29625,-1.2399999999999998,0.7673078613209974,1.7814072363638815,1.1915481697852133,0.1858805022908907,0.20041212433199598,0.4598160138953295,0.6397773716023936,0.7447807574943874,0.7075401655139328,0.2765477893514568,0.2901878373051834,2,8,2.7371076914719974,0.5220366934965959,0.6179632037877358,0.3026119342876521,0.8197517559460734,0.21739680375641085,0.4171033387795247,0.408052082345818,0.6490766035845295,0.8266295514281518,0.3454206589294669,0.18944033423335127,0.06350267388808037
50,2.6190736742424234,3,2.6782424242424234,-0.053787878787880494,0.28359375,-1.1649999999999998,0.686912664194611,1.7710305956969987,1.1488535790259564,0.14917694928523023,0.2588011586282475,0.4596887773695761,0.6390118569208394,0.765728285826352,0.759846868583882,0.39103415384054824,0.23508003641512445,2,7,2.7041682571422863,0.4228684370322404,0.6738721179065456,0.32494457926168374,0.7671538047359577,0.10540277848244209,0.4616172266518903,0.3372220949575454,0.5675434236638812,0.7615219193244307,0.2920643176618578,0.32760343874429215,0.11283071589907992
11,2.6179912878787874,3,2.6888787878787874,-0.039575757575758264,0.2359375,-1.2400000000000002,0.7821810461727519,1.8357576129636246,1.0915016530967045,0.12715196846561422,0.21878111088840735,0.43220203578729166,0.6698566992724102,0.6926090885979267,0.6619959834158917,0.40952554140551894,0.18957805063387068,2,10,2.7122099605717085,0.3988127085069143,0.5864821189166879,0.32413697620753,0.8051134867496658,0.13850677762448213,0.376282606757955,0.325455250113102,0.5789039479030317,0.7453084364050487,0.2648759499418179,0.278222425947255,0.0038907703337791102
1,2.6169486742424235,2,2.7252424242424236,-0.012515151515152922,0.16421875,-1.6,0.7716540876944513,1.7719192937089483,1.09483647284185,0.22789802307122148,0.27720415959679734,0.4830179453049543,0.7321404546067253,0.6741999953065778,0.7546284041904885,0.34590999234582664,0.2796271639430088,2,6,2.7378551563522957,0.5388169815793418,0.6504873414182504,0.32635895498576095,0.7757625222888798,0.21125022097170895,0.5145437712859043,0.34539183522297023,0.6613992355045035,0.7692424610915973,0.2344426090785763,0.29290270749741953,-0.05686242018039019
38,2.616427651515149,2,2.7245151515151496,-0.003939393939396574,0.16593749999999993,-1.6,0.6954527326063822,1.6880910902569275,1.1100836007611479,0.2026915710070347,0.257247513518988,0.46153447964160343,0.6079245879534669,0.7451947639344694,0.684589021296181,0.35986669715567643,0.19206853238812083,2,7,2.8627472797343745,0.4774930355855548,0.6290112136915554,0.2472454362502945,0.674502625852403,0.22278579680746036,0.4734512703120207,0.42203952836269654,0.6514111140892364,0.7456403276337644,0.3748193817454991,0.1978396929918182,-0.08751963266958909
28,2.6157128787878783,3,2.681787878787878,-0.045030303030304086,0.269375,-1.23,0.6723610926520446,1.825531777500477,1.0903760813665884,0.20544763008647354,0.28347725810300817,0.5844917328048905,0.6972197632388815,0.7287360688028064,0.716124028764951,0.372652920454828,0.30010150029810906,2,8,2.8101831642201662,0.38499536748123353,0.7227919055754722,0.34452597836531373,0.7401784794512778,0.1302344670560163,0.41504428076654776,0.30473109638840706,0.6850816900627436,0.7567915534811849,0.32344100994167835,0.1801047440030082,0.1077340174823351
6,2.6139200757575756,3,2.6787575757575754,-0.0579090909090918,0.25968749999999996,-1.1999999999999997,0.6387278900767881,1.711709179025091,1.0843048951221885,0.25308640218528006,0.29672639226288827,0.45913012714320395,0.6942409184118843,0.6547180047055505,0.7079285124384652,0.3161610792838749,0.23616211965068296,2,8,2.7604268658140185,0.44979546954325633,0.5729629342966697,0.3309871201047624,0.806142111824446,0.24332926899685853,0.4266114785411516,0.4139297233964798,0.6888984345155448,0.8573124372021034,0.3269081418432984,0.1731887016132691,0.09009531297038675
72,2.612785037878787,3,2.684878787878787,-0.04154545454545655,0.26921874999999995,-1.3050000000000002,0.6672995439557006,1.8021168757600141,1.2095565716524719,0.10306951082534,0.2923199071286332,0.5353870932679021,0.6986860409416144,0.8008411739589285,0.7207019650832427,0.4139294360304436,0.29666083413170924,2,6,2.8484672969389195,0.5633498088357144,0.5906224652667096,0.2565390177917951,0.7501803882139617,0.19911718964067973,0.4493326200515052,0.30970403335652263,0.5989984472043386,0.8535539514649452,0.3011411733977251,0.30595040705817944,0.013141466781849583
39,2.612386363636362,2,2.721636363636362,-0.00812121212121486,0.15624999999999994,-1.6,0.7056174710241697,1.7341704714095267,1.1599139814372599,0.15741353926367846,0.3082610949120623,0.4383854508742873,0.7599176553389718,0.7448696820451376,0.7180475129866724,0.4140011239474308,0.17911324182281319,2,7,2.7208277788646043,0.4400553346333221,0.6843252179164528,0.31007731701057395,0.6796112614225202,0.22600775504759557,0.4743979312468304,0.3919826771570349,0.711738803597619,0.8237777184308035,0.23229873330128323,0.17518373312110044,0.12383516510875561
31,2.6122481060606058,3,2.6820606060606056,-0.047515151515152176,0.2615624999999999,-1.2650000000000001,0.6628783672434251,1.7822072083710383,1.0894634506713303,0.19310966294646503,0.30133344113308885,0.5872852591973924,0.6163803193227966,0.6840223251022093,0.7470700126889664,0.3041401774626609,0.3045912964795478,2,7,2.6444022928388784,0.5250129575680822,0.5829312593789765,0.29885485152065006,0.8299652859557578,0.11594561928929469,0.44651440156173366,0.34837103815083387,0.624214172291444,0.7589390741479941,0.35105432535325143,0.27417249073076233,-0.06647219833564863
42,2.6108064393939365,2,2.7223939393939363,-0.009393939393942397,0.15343749999999995,-1.625,0.7301129468547296,1.7628036954112314,1.0916222266861648,0.2300078013534511,0.3004814842267536,0.5656966830604131,0.6373963398176498,0.7110004187668537,0.6633986559832604,0.38675675405338694,0.1589563051734888,1,6,2.8583327837143346,0.4479700249998776,0.6521842909057949,0.32868796713038495,0.7884019029090854,0.10626332841602294,0.4600338250487477,0.37375888692338843,0.7083613845612696,0.8257486733194894,0.2537733768077739,0.3248058624106912,0.10530488484950506
43,2.608952462121211,3,2.706121212121211,-0.02321212121212257,0.17359374999999994,-1.475,0.7165983319996005,1.7798612781164254,1.1450431557286191,0.20521995093561357,0.2910008490530805,0.4381390123646244,0.7540605269010499,0.7126034410236246,0.7956545964397874,0.3054952909866625,0.2303542322678926,2,8,2.802052269573036,0.546393556894929,0.6425484532311072,0.2364365311316552,0.7479602109548958,0.12664515203371313,0.5305792948861766,0.36703952145715946,0.6403802982784658,0.804491996064332,0.27884554420903274,0.2907121556393713,0.11611025943356021
54,2.608489204545453,2,2.718545454545453,-0.01306060606060866,0.14953124999999995,-1.6,0.782200514343015,1.7208761500951297,1.1343552204489051,0.14741720298356314,0.26087813319135866,0.5339462253346063,0.6794989851312491,0.7543354763292686,0.7772063351424938,0.35138447191879935,0.24159617031949882,2,10,2.760624187050064,0.5014789560719708,0.7065062080777407,0.284686945946902,0.7305235433801206,0.1836165383537211,0.5087742326721676,0.36142255342493934,0.6575838547903007,0.8528646685770005,0.31806648957555544,0.2574028369858168,-0.03050190023827864
9,2.6069166666666654,3,2.6686666666666654,-0.06433333333333602,0.28875,-1.205,0.7114869093164922,1.7554232737747837,1.1390909733170886,0.14597856376846702,0.21336195071832254,0.5787434204960549,0.6995314763125646,0.6462466049969272,0.7378626014027387,0.40705140022030284,0.246355557752487,2,10,2.7815031585142287,0.5897052535687767,0.6197467385619215,0.2786251398987497,0.783704289374978,0.11460670309017555,0.4126659119933753,0.2944932600062252,0.6210130736265489,0.7773152361376361,0.3264773676054124,0.2517245502016185,-0.06086931058626032
15,2.606020454545453,2,2.713545454545453,-0.017818181818183287,0.17062499999999997,-1.6,0.6864335854239694,1.709560109840881,1.1044873135718325,0.23146112921216272,0.27154612943402506,0.5811139574489311,0.6893486323112552,0.7049534883934325,0.7657446804926497,0.29224677985637487,0.26570062141974826,2,8,2.7102698986323186,0.5678658629432184,0.725742667582365,0.24292191137705965,0.6779003721727899,0.22118031120195114,0.49442760192889035,0.4117575589577931,0.6620385534245438,0.8341349637363856,0.2878312157897979,0.1883651316456589,0.13956520164069458
71,2.604231249999999,3,2.671999999999999,-0.052060606060606585,0.29859375,-1.295,0.6430869485272734,1.7872523193145677,1.1059730443565892,0.21372996844158312,0.2283166770818664,0.49779489097746565,0.7519003441094038,0.7672995277449337,0.7045477382153549,0.39577374527472575,0.24792658175644852,2,6,2.6759338466599063,0.5612145970042698,0.6361056858932924,0.32748413122425,0.7415234733686783,0.25295361715275616,0.3961371162143792,0.31362295634733595,0.6185801291338556,0.7636658255828116,0.2622747904417041,0.2511462701234926,0.010053439460832016
58,2.597147159090906,3,2.709090909090906,-0.015454545454549606,0.15046874999999998,-1.625,0.6781575289347588,1.701508732000766,1.0687774665934617,0.10369578083630998,0.27794564438265135,0.5584386502181993,0.7229188252252827,0.7157304073818088,0.70068253247855,0.3211330624335153,0.26543058034976197,1,9,2.724766714871352,0.36152388933702295,0.634918301801514,0.33493955284287824,0.7337448370370945,0.17668634926218726,0.417318016399028,0.3900651710736064,0.6138979128720798,0.839931804304728,0.30676753479030167,0.20834005888236734,0.01221920625316835
73,2.5951918560606044,3,2.7050606060606044,-0.025242424242427397,0.15109374999999994,-1.6,0.7194109185308037,1.7827879697836668,1.0691025677617223,0.19257155150737312,0.28639744865714517,0.5340281403834163,0.7414887406911529,0.7252631440128974,0.6948278179793911,0.35435040962954806,0.17899246027655363,2,7,2.8148476183832267,0.3720154599476554,0.7033983133713575,0.293735082793814,0.7644935012653657,0.19091766989955777,0.4441846936964219,0.36914529683017244,0.698531202715009,0.8159436518170143,0.2703995124137352,0.32266053192348204,0.07193384781059087
51,2.5912075757575725,3,2.7027575757575724,-0.026454545454549283,0.15374999999999991,-1.625,0.717817331253992,1.7358095852704423,1.102054310994489,0.16865360844498467,0.27672132341353844,0.5071714077938678,0.6283059870543479,0.7595747141574561,0.6861716892071619,0.2763840177769002,0.21926059503358658,1,8,2.6919425866058115,0.5303266821296997,0.6808881879204522,0.35029927674925443,0.8187454112379664,0.2631874882479831,0.46923304847994585,0.41593704774478074,0.570587743064088,0.7589255648352848,0.28791555207676445,0.29240209836228354,0.03663814231411975
17,2.590497537878787,4,2.662878787878787,-0.07572727272727331,0.23015624999999992,-1.25,0.7598401299527375,1.8109926971287067,1.1939525460039375,0.1512469623782363,0.26205110068070275,0.5593087928242753,0.6250696782686909,0.641157743951034,0.6907489352741031,0.40810021560987575,0.2793606077475643,2,6,2.6841944172460925,0.4181936536836074,0.5953506850659754,0.35821534504667824,0.806116814096422,0.114971965124258,0.37594037879039754,0.39420739323730153,0.6174341877237727,0.8002666459664824,0.3314455645479604,0.25921057296074945,-0.05529510505039619
41,2.5882240530303005,3,2.6660303030303005,-0.061606060606063995,0.19828124999999994,-1.27,0.7659782349685075,1.7030014570885574,1.1245624966530907,0.17918664353630442,0.2855528036753756,0.4504477521661303,0.6395752241922038,0.667353204115309,0.79652944347102,0.3041000689379878,0.24998034571746575,1,7,2.6986748974426074,0.5177179326268124,0.6280724288165894,0.2748358148320031,0.8141969279960471,0.14283474359761922,0.5188419355084929,0.269867629398822,0.5645979167193474,0.827464928035352,0.2740894482579978,0.2957711405259029,0.06559831846828718
10,2.574742613636363,6,2.635636363636363,-0.09524242424242546,0.30921874999999993,-1.225,0.6333293714111444,1.7641375517191034,1.174602069550303,0.24214702421001377,0.2885391318460192,0.4765044486415847,0.7424087188924102,0.7158846471616465,0.7023955246579772,0.27632339649871346,0.22096698653609909,2,7,2.7672475770875637,0.5755019859715251,0.6701250804865267,0.27956629626084917,0.8012689626840566,0.17635393247478967,0.38175230425883244,0.3368354731198504,0.6590981612577578,0.792085637034972,0.25396363884403567,0.19376468191440094,0.12269252353459006
5,2.5258844696969684,6,2.6356969696969688,-0.08890909090909149,0.15156249999999996,-1.6,0.7444876671219061,1.75293249302822,1.0556829766721005,0.16579982016834877,0.272348204276281,0.5432858174701203,0.7176651986236982,0.7132857989137241,0.7258454036644806,0.38546979352314237,0.17550538660048337,2,9,2.7658105936494675,0.38715915950221574,0.6484666017083853,0.304058238571079,0.7326660877295783,0.24753436963341868,0.4265409360829078,0.3110902221415232,0.6354522378902904,0.7418425282021697,0.2808771562849863,0.2359422289502915,0.12476899728729846
